PassengerId,Transported,Probability_Positive,Probability_Negative
0013_01,True,0.58,0.42
0018_01,False,0.01,0.99
0019_01,True,1.0,0.0
0021_01,True,0.92,0.08
0023_01,True,0.62,0.38
0027_01,True,0.69,0.31
0029_01,True,0.96,0.04
0032_01,True,1.0,0.0
0032_02,True,1.0,0.0
0033_01,True,0.64,0.36
0037_01,False,0.25,0.75
0040_01,False,0.18,0.82
0040_02,True,0.81,0.19
0042_01,True,0.97,0.03
0046_01,False,0.02,0.98
0046_02,False,0.09,0.91
0046_03,False,0.27,0.73
0047_01,True,0.99,0.01
0047_02,True,0.68,0.32
0047_03,False,0.12,0.88
0048_01,False,0.48,0.52
0049_01,False,0.17,0.83
0054_01,True,1.0,0.0
0054_02,True,0.82,0.18
0054_03,False,0.36,0.64
0055_01,False,0.1,0.9
0057_01,True,0.87,0.13
0059_01,True,0.99,0.01
0060_01,True,0.63,0.37
0063_01,True,0.86,0.14
0065_01,True,0.54,0.46
0075_01,False,0.2,0.8
0079_01,True,0.78,0.22
0080_01,True,0.52,0.48
0083_01,False,0.26,0.74
0087_01,False,0.4,0.6
0089_01,False,0.42,0.58
0093_01,True,0.79,0.21
0094_01,True,0.66,0.34
0094_02,False,0.06,0.94
0095_01,True,0.69,0.31
0096_01,False,0.41,0.59
0100_01,True,0.58,0.42
0100_02,True,0.61,0.39
0104_01,False,0.18,0.82
0106_01,True,0.91,0.09
0109_01,False,0.24,0.76
0117_01,False,0.48,0.52
0118_01,True,0.58,0.42
0121_01,False,0.12,0.88
0124_01,True,0.71,0.29
0125_01,True,1.0,0.0
0125_02,False,0.2,0.8
0130_01,True,0.66,0.34
0131_01,True,0.6,0.4
0132_01,True,0.87,0.13
0135_01,False,0.16,0.84
0137_01,False,0.47,0.53
0142_01,True,0.82,0.18
0142_02,False,0.14,0.86
0142_03,True,0.93,0.07
0143_01,True,0.51,0.49
0145_01,False,0.38,0.62
0150_01,True,0.99,0.01
0150_02,True,1.0,0.0
0153_01,False,0.47,0.53
0154_01,True,0.91,0.09
0155_01,False,0.04,0.96
0156_01,False,0.06,0.94
0157_01,False,0.21,0.79
0158_01,False,0.32,0.68
0158_02,True,0.63,0.37
0159_01,False,0.01,0.99
0161_01,False,0.22,0.78
0162_01,True,0.7,0.3
0166_01,False,0.45,0.55
0168_01,True,1.0,0.0
0175_01,True,0.87,0.13
0175_02,True,0.82,0.18
0175_03,True,0.8225,0.1775
0175_04,True,0.58,0.42
0175_05,False,0.42,0.58
0176_01,False,0.15,0.85
0180_01,False,0.12,0.88
0184_01,True,0.74,0.26
0185_01,True,0.72,0.28
0187_01,True,0.75,0.25
0191_01,False,0.27,0.73
0194_01,True,1.0,0.0
0194_02,True,1.0,0.0
0194_03,False,0.09,0.91
0204_01,False,0.16,0.84
0208_01,False,0.37,0.63
0209_01,False,0.06,0.94
0214_01,False,0.18,0.82
0214_02,False,0.25,0.75
0215_01,True,0.86,0.14
0218_01,False,0.22,0.78
0226_01,True,0.81,0.19
0227_01,False,0.22,0.78
0228_01,True,0.89,0.11
0228_02,True,0.67,0.33
0228_03,True,1.0,0.0
0228_04,False,0.05,0.95
0230_01,True,0.75,0.25
0230_02,False,0.16,0.84
0235_01,False,0.39,0.61
0236_01,False,0.38,0.62
0238_01,False,0.22,0.78
0247_01,True,1.0,0.0
0247_02,True,1.0,0.0
0249_01,False,0.11,0.89
0256_01,True,0.64,0.36
0259_01,True,0.83,0.17
0262_01,False,0.2,0.8
0264_01,True,1.0,0.0
0264_02,True,1.0,0.0
0264_03,False,0.06,0.94
0266_01,False,0.28,0.72
0266_02,False,0.05,0.95
0268_01,False,0.06,0.94
0268_02,False,0.27,0.73
0271_01,False,0.16,0.84
0272_01,False,0.27,0.73
0273_01,True,0.83,0.17
0273_02,False,0.12,0.88
0273_03,False,0.25,0.75
0274_01,False,0.15,0.85
0274_02,True,0.88,0.12
0276_01,False,0.02,0.98
0276_02,True,1.0,0.0
0279_01,False,0.27,0.73
0280_01,True,0.57,0.43
0284_01,True,0.82,0.18
0292_01,False,0.16,0.84
0293_01,True,0.99,0.01
0295_01,False,0.41,0.59
0296_01,False,0.14,0.86
0299_01,False,0.31,0.69
0300_01,False,0.3,0.7
0308_01,True,0.66,0.34
0311_01,False,0.49,0.51
0312_01,True,0.86,0.14
0317_01,False,0.11,0.89
0318_01,True,0.67,0.33
0319_01,False,0.32,0.68
0319_02,True,0.92,0.08
0323_01,True,0.85,0.15
0325_01,False,0.29,0.71
0328_01,True,0.64,0.36
0329_01,True,0.98,0.02
0332_01,True,0.85,0.15
0335_01,True,0.68,0.32
0339_01,False,0.15,0.85
0339_02,False,0.09,0.91
0339_03,True,0.56,0.44
0339_04,True,0.81,0.19
0339_05,True,0.78,0.22
0339_06,False,0.06,0.94
0339_07,False,0.21,0.79
0339_08,False,0.17,0.83
0342_01,False,0.5,0.5
0342_02,True,0.66,0.34
0344_01,True,0.88,0.12
0344_02,False,0.2,0.8
0349_01,False,0.03,0.97
0349_02,True,0.97,0.03
0349_03,False,0.15,0.85
0349_04,True,0.83,0.17
0349_05,False,0.18,0.82
0349_06,False,0.12,0.88
0351_01,False,0.45,0.55
0353_01,True,0.6,0.4
0353_02,True,0.89,0.11
0354_01,True,0.72,0.28
0362_01,True,0.65,0.35
0363_01,True,0.55,0.45
0363_02,True,0.68,0.32
0363_03,True,0.71,0.29
0364_01,True,0.65,0.35
0364_02,False,0.06,0.94
0366_01,True,0.63,0.37
0367_01,False,0.12,0.88
0374_01,False,0.2,0.8
0374_02,False,0.12,0.88
0386_01,False,0.39,0.61
0390_01,True,0.83,0.17
0393_01,False,0.1,0.9
0394_01,True,0.71,0.29
0399_01,True,0.88,0.12
0400_01,True,0.96,0.04
0404_01,True,0.96,0.04
0406_01,False,0.18,0.82
0414_01,False,0.1,0.9
0416_01,False,0.33,0.67
0418_01,False,0.18,0.82
0419_01,False,0.43,0.57
0419_02,True,0.94,0.06
0419_03,True,0.72,0.28
0420_01,False,0.16,0.84
0421_01,True,0.97,0.03
0422_01,False,0.25,0.75
0424_01,False,0.08,0.92
0426_01,False,0.21,0.79
0440_01,False,0.37,0.63
0443_01,True,0.67,0.33
0450_01,False,0.33,0.67
0451_01,True,1.0,0.0
0455_01,True,0.62,0.38
0464_01,True,0.85,0.15
0467_01,True,0.98,0.02
0467_02,True,0.94,0.06
0467_03,True,0.98,0.02
0467_04,True,0.85,0.15
0469_01,False,0.21,0.79
0473_01,False,0.33,0.67
0478_01,False,0.02,0.98
0478_02,True,1.0,0.0
0479_01,True,1.0,0.0
0483_01,True,1.0,0.0
0483_02,True,0.86,0.14
0484_01,True,1.0,0.0
0486_01,False,0.43,0.57
0489_01,True,1.0,0.0
0489_02,True,0.92,0.08
0491_01,True,0.74,0.26
0492_01,False,0.27,0.73
0493_01,True,0.75,0.25
0494_01,True,1.0,0.0
0494_02,True,0.51,0.49
0495_01,True,0.91,0.09
0495_02,True,0.92,0.08
0495_03,True,0.88,0.12
0495_04,False,0.46,0.54
0495_05,False,0.13,0.87
0495_06,True,0.6,0.4
0496_01,False,0.42,0.58
0496_02,True,0.95,0.05
0497_01,True,0.96,0.04
0505_01,False,0.28,0.72
0508_01,False,0.38,0.62
0509_01,False,0.48,0.52
0511_01,False,0.11,0.89
0514_01,True,0.89,0.11
0524_01,True,0.8,0.2
0526_01,True,0.77,0.23
0530_01,False,0.1,0.9
0530_02,False,0.07,0.93
0530_03,True,1.0,0.0
0532_01,False,0.2,0.8
0532_02,True,1.0,0.0
0535_01,True,0.51,0.49
0536_01,False,0.32,0.68
0536_02,False,0.22,0.78
0541_01,True,0.99,0.01
0543_01,True,0.8,0.2
0544_01,True,0.86,0.14
0554_01,False,0.12,0.88
0557_01,True,0.95,0.05
0557_02,True,0.95,0.05
0558_01,True,0.8,0.2
0562_01,True,0.63,0.37
0562_02,True,1.0,0.0
0574_01,False,0.03,0.97
0578_01,True,0.89,0.11
0578_02,True,0.54,0.46
0584_01,True,0.93,0.07
0584_02,False,0.1,0.9
0592_01,False,0.47,0.53
0595_01,True,0.85,0.15
0601_01,True,0.63,0.37
0604_01,True,0.66,0.34
0605_01,False,0.25,0.75
0606_01,True,0.76,0.24
0613_01,True,1.0,0.0
0613_02,True,1.0,0.0
0616_01,False,0.19,0.81
0617_01,False,0.11,0.89
0620_01,False,0.18,0.82
0620_02,True,0.72,0.28
0620_03,True,0.82,0.18
0621_01,False,0.37,0.63
0622_01,False,0.04,0.96
0624_01,True,0.79,0.21
0625_01,True,0.92,0.08
0625_02,True,1.0,0.0
0625_03,True,0.99,0.01
0626_01,True,1.0,0.0
0626_02,True,1.0,0.0
0626_03,True,0.91,0.09
0627_01,True,0.73,0.27
0632_01,False,0.15,0.85
0632_02,True,0.69,0.31
0632_03,True,0.92,0.08
0640_01,True,1.0,0.0
0640_02,True,1.0,0.0
0648_01,False,0.34,0.66
0648_02,False,0.29,0.71
0649_01,True,0.75,0.25
0651_01,True,1.0,0.0
0652_01,True,0.75,0.25
0652_02,False,0.45,0.55
0652_03,True,0.7,0.3
0652_04,False,0.2,0.8
0652_05,True,0.78,0.22
0654_01,True,0.75,0.25
0662_01,True,0.66,0.34
0666_01,True,0.88,0.12
0666_02,True,0.7,0.3
0667_01,False,0.24,0.76
0670_01,False,0.37,0.63
0670_02,False,0.21,0.79
0673_01,True,0.83,0.17
0675_01,True,0.6,0.4
0676_01,False,0.31,0.69
0681_01,True,0.97,0.03
0692_01,True,0.84,0.16
0694_01,True,0.9,0.1
0695_01,True,0.95,0.05
0698_01,False,0.37,0.63
0700_01,False,0.37,0.63
0706_01,True,0.92,0.08
0708_01,True,1.0,0.0
0708_02,True,1.0,0.0
0711_01,False,0.14,0.86
0716_01,False,0.33,0.67
0717_01,True,0.73,0.27
0717_02,True,0.62,0.38
0717_03,True,1.0,0.0
0717_04,True,1.0,0.0
0717_05,False,0.14,0.86
0717_06,False,0.29,0.71
0717_07,True,1.0,0.0
0720_01,True,0.92,0.08
0720_02,True,0.57,0.43
0720_03,False,0.21,0.79
0721_01,False,0.49,0.51
0722_01,False,0.19,0.81
0723_01,False,0.21,0.79
0725_01,True,0.72,0.28
0730_01,True,0.68,0.32
0731_01,False,0.3,0.7
0731_02,False,0.39,0.61
0735_01,False,0.32,0.68
0739_01,True,0.63,0.37
0741_01,False,0.43,0.57
0742_01,True,0.67,0.33
0742_02,True,0.76,0.24
0744_01,True,0.98,0.02
0745_01,False,0.21,0.79
0747_01,False,0.16,0.84
0748_01,True,0.92,0.08
0748_02,False,0.07,0.93
0749_01,False,0.45,0.55
0751_01,True,0.95,0.05
0752_01,True,0.91,0.09
0755_01,True,0.84,0.16
0758_01,False,0.28,0.72
0758_02,True,0.98,0.02
0758_03,False,0.04,0.96
0759_01,True,1.0,0.0
0759_02,False,0.14,0.86
0759_03,True,0.99,0.01
0760_01,False,0.16,0.84
0763_01,True,0.86,0.14
0763_02,False,0.06,0.94
0766_01,True,0.98,0.02
0774_01,True,0.74,0.26
0774_02,False,0.06,0.94
0774_03,True,0.59,0.41
0775_01,True,0.97,0.03
0775_02,False,0.37,0.63
0775_03,True,0.91,0.09
0775_04,False,0.05,0.95
0775_05,True,0.68,0.32
0775_06,True,0.99,0.01
0778_01,True,0.92,0.08
0778_02,False,0.42,0.58
0780_01,True,0.95,0.05
0783_01,False,0.31,0.69
0792_01,True,0.99,0.01
0800_01,False,0.1,0.9
0801_01,True,0.6,0.4
0803_01,True,0.71,0.29
0804_01,True,1.0,0.0
0807_01,True,0.6,0.4
0810_01,False,0.08,0.92
0812_01,True,0.98,0.02
0814_01,False,0.14,0.86
0821_01,True,0.64,0.36
0827_01,False,0.3,0.7
0827_02,False,0.31,0.69
0827_03,True,1.0,0.0
0831_01,False,0.22,0.78
0832_01,True,0.97,0.03
0837_01,True,1.0,0.0
0837_02,False,0.08,0.92
0838_01,True,0.98,0.02
0838_02,False,0.19,0.81
0841_01,False,0.12,0.88
0842_01,True,0.94,0.06
0843_01,True,0.76,0.24
0844_01,True,0.99,0.01
0847_01,False,0.17,0.83
0852_01,True,1.0,0.0
0854_01,True,0.59,0.41
0855_01,True,0.72,0.28
0856_01,False,0.03,0.97
0857_01,True,0.86,0.14
0858_01,False,0.26,0.74
0858_02,False,0.46,0.54
0861_01,False,0.48,0.52
0862_01,True,0.9,0.1
0864_01,False,0.22,0.78
0864_02,False,0.26,0.74
0864_03,True,0.91,0.09
0866_01,False,0.38,0.62
0872_01,False,0.36,0.64
0880_01,True,0.96,0.04
0880_02,True,0.95,0.05
0882_01,True,0.84,0.16
0884_01,False,0.15,0.85
0884_02,False,0.26,0.74
0886_01,False,0.16,0.84
0886_02,True,0.59,0.41
0886_03,True,0.84,0.16
0887_01,False,0.03,0.97
0887_02,False,0.13,0.87
0888_01,False,0.34,0.66
0888_02,True,0.58,0.42
0891_01,True,0.82,0.18
0892_01,True,1.0,0.0
0892_02,True,1.0,0.0
0892_03,True,0.98,0.02
0894_01,True,1.0,0.0
0895_01,False,0.45,0.55
0896_01,False,0.28,0.72
0897_01,True,1.0,0.0
0897_02,True,1.0,0.0
0900_01,True,0.63,0.37
0908_01,True,0.91,0.09
0909_01,False,0.19,0.81
0909_02,True,0.87,0.13
0909_03,False,0.24,0.76
0914_01,False,0.09,0.91
0916_01,False,0.12,0.88
0917_01,True,0.78,0.22
0920_01,False,0.01,0.99
0929_01,False,0.27,0.73
0934_01,False,0.1,0.9
0936_01,False,0.09,0.91
0937_01,True,0.95,0.05
0943_01,True,0.88,0.12
0943_02,True,0.88,0.12
0943_03,False,0.21,0.79
0945_01,False,0.28,0.72
0945_02,False,0.07,0.93
0948_01,False,0.18,0.82
0950_01,False,0.46,0.54
0954_01,True,0.71,0.29
0958_01,False,0.31,0.69
0959_01,False,0.38,0.62
0962_01,True,0.89,0.11
0963_01,True,1.0,0.0
0967_01,False,0.34,0.66
0973_01,False,0.1,0.9
0974_01,False,0.41,0.59
0977_01,True,0.97,0.03
0980_01,False,0.22,0.78
0981_01,False,0.28,0.72
0981_02,True,0.86,0.14
0986_01,False,0.06,0.94
0986_02,True,1.0,0.0
0996_01,False,0.4,0.6
0999_01,True,0.94,0.06
0999_02,True,0.57,0.43
1003_01,False,0.05,0.95
1007_01,False,0.06,0.94
1009_01,False,0.18,0.82
1010_01,True,0.64,0.36
1016_01,False,0.06,0.94
1021_01,False,0.5,0.5
1023_01,False,0.43,0.57
1028_01,True,0.88,0.12
1037_01,True,0.8,0.2
1039_01,False,0.15,0.85
1042_01,False,0.27,0.73
1044_01,True,0.79,0.21
1050_01,True,0.75,0.25
1055_01,True,0.51,0.49
1059_01,True,1.0,0.0
1059_02,True,0.99,0.01
1061_01,True,1.0,0.0
1064_01,True,0.68,0.32
1064_02,True,0.77,0.23
1067_01,False,0.44,0.56
1069_01,True,1.0,0.0
1070_01,True,0.81,0.19
1072_01,True,0.77,0.23
1072_02,True,0.76,0.24
1072_03,True,0.68,0.32
1072_04,False,0.33,0.67
1072_05,False,0.19,0.81
1072_06,False,0.29,0.71
1072_07,True,0.79,0.21
1072_08,True,0.8,0.2
1073_01,False,0.14,0.86
1074_01,True,0.86,0.14
1074_02,True,0.95,0.05
1081_01,False,0.37,0.63
1087_01,True,0.63,0.37
1090_01,True,1.0,0.0
1090_02,False,0.24,0.76
1092_01,True,0.89,0.11
1098_01,False,0.45,0.55
1101_01,False,0.46,0.54
1103_01,False,0.11,0.89
1104_01,True,1.0,0.0
1106_01,False,0.03,0.97
1106_02,True,0.85,0.15
1107_01,False,0.29,0.71
1109_01,False,0.19,0.81
1111_01,False,0.39,0.61
1111_02,True,0.91,0.09
1111_03,False,0.41,0.59
1118_01,False,0.1,0.9
1118_02,True,1.0,0.0
1118_03,True,1.0,0.0
1118_04,False,0.48,0.52
1118_05,False,0.02,0.98
1119_01,False,0.13,0.87
1119_02,True,0.76,0.24
1120_01,True,0.81,0.19
1122_01,True,0.89,0.11
1124_01,True,1.0,0.0
1124_02,True,1.0,0.0
1124_03,False,0.27,0.73
1125_01,False,0.28,0.72
1125_02,True,0.8,0.2
1126_01,False,0.42,0.58
1128_01,True,1.0,0.0
1128_02,True,1.0,0.0
1131_01,True,0.99,0.01
1135_01,False,0.11,0.89
1135_02,True,0.78,0.22
1135_03,False,0.03,0.97
1135_04,True,0.8,0.2
1137_01,True,0.61,0.39
1137_02,False,0.37,0.63
1138_01,True,0.93,0.07
1139_01,True,0.62,0.38
1143_01,True,0.64,0.36
1145_01,True,0.93,0.07
1145_02,False,0.42,0.58
1145_03,False,0.24,0.76
1145_04,True,0.93,0.07
1151_01,False,0.4,0.6
1157_01,False,0.09,0.91
1158_01,True,0.97,0.03
1158_02,True,0.98,0.02
1159_01,True,0.96,0.04
1159_02,False,0.29,0.71
1159_03,True,0.91,0.09
1160_01,True,0.51,0.49
1164_01,False,0.44,0.56
1171_01,False,0.18,0.82
1172_01,True,0.67,0.33
1176_01,False,0.48,0.52
1181_01,False,0.3,0.7
1183_01,True,1.0,0.0
1183_02,False,0.49,0.51
1183_03,True,1.0,0.0
1184_01,True,0.99,0.01
1184_02,False,0.47,0.53
1189_01,False,0.27,0.73
1194_01,False,0.28,0.72
1196_01,False,0.11,0.89
1196_02,False,0.03,0.97
1200_01,True,0.98,0.02
1201_01,False,0.16,0.84
1201_02,True,0.79,0.21
1202_01,False,0.26,0.74
1204_01,True,0.63,0.37
1205_01,False,0.11,0.89
1207_01,False,0.47,0.53
1207_02,True,0.67,0.33
1207_03,True,0.62,0.38
1207_04,True,0.56,0.44
1209_01,False,0.1,0.9
1209_02,False,0.46,0.54
1217_01,True,1.0,0.0
1217_02,True,1.0,0.0
1219_01,False,0.05,0.95
1219_02,True,1.0,0.0
1224_01,True,0.68,0.32
1224_02,True,0.79,0.21
1226_01,True,0.55,0.45
1226_02,True,0.81,0.19
1227_01,True,0.97,0.03
1237_01,True,0.69,0.31
1241_01,False,0.18,0.82
1244_01,False,0.36,0.64
1245_01,True,0.84,0.16
1247_01,True,0.88,0.12
1249_01,False,0.2,0.8
1251_01,True,0.98,0.02
1252_01,False,0.25,0.75
1253_01,False,0.08,0.92
1257_01,True,0.97,0.03
1257_02,True,1.0,0.0
1257_03,True,0.55,0.45
1257_04,True,0.9,0.1
1262_01,True,0.82,0.18
1262_02,False,0.35,0.65
1265_01,True,0.89,0.11
1266_01,False,0.17,0.83
1268_01,True,0.67,0.33
1270_01,True,0.96,0.04
1272_01,False,0.25,0.75
1275_01,False,0.28,0.72
1276_01,False,0.4,0.6
1277_01,False,0.13,0.87
1290_01,False,0.09,0.91
1296_01,False,0.22,0.78
1297_01,True,0.85,0.15
1298_01,True,0.56,0.44
1301_01,False,0.46,0.54
1301_02,True,0.87,0.13
1301_03,True,0.64,0.36
1303_01,False,0.32,0.68
1305_01,True,0.72,0.28
1313_01,True,0.58,0.42
1314_01,False,0.08,0.92
1315_01,True,0.56,0.44
1318_01,True,0.71,0.29
1319_01,False,0.13,0.87
1319_02,False,0.09,0.91
1320_01,True,0.96,0.04
1320_02,True,0.74,0.26
1320_03,True,0.74,0.26
1321_01,True,0.98,0.02
1321_02,True,0.88,0.12
1321_03,False,0.08,0.92
1321_04,False,0.23,0.77
1327_01,True,0.72,0.28
1329_01,False,0.08,0.92
1334_01,False,0.19,0.81
1338_01,True,1.0,0.0
1338_02,True,1.0,0.0
1339_01,True,0.9,0.1
1341_01,False,0.09,0.91
1341_02,True,0.81,0.19
1341_03,True,0.68,0.32
1343_01,False,0.07,0.93
1343_02,True,0.68,0.32
1343_03,False,0.17,0.83
1344_01,False,0.35,0.65
1346_01,False,0.34,0.66
1349_01,True,0.84,0.16
1349_02,True,0.9,0.1
1354_01,False,0.18,0.82
1354_02,False,0.45,0.55
1354_03,True,0.8,0.2
1354_04,True,0.93,0.07
1354_05,False,0.41,0.59
1354_06,False,0.39,0.61
1354_07,True,0.74,0.26
1358_01,False,0.45,0.55
1358_02,False,0.13,0.87
1359_01,False,0.31,0.69
1361_01,False,0.2,0.8
1361_02,False,0.3,0.7
1363_01,False,0.34,0.66
1364_01,False,0.25,0.75
1364_02,True,0.54,0.46
1367_01,True,0.71,0.29
1369_01,True,0.6,0.4
1369_02,True,0.91,0.09
1369_03,True,0.71,0.29
1372_01,True,0.8,0.2
1373_01,True,0.75,0.25
1374_01,True,1.0,0.0
1388_01,True,0.97,0.03
1392_01,True,0.67,0.33
1394_01,True,0.58,0.42
1396_01,True,0.59,0.41
1405_01,True,0.81,0.19
1409_01,False,0.38,0.62
1409_02,True,0.99,0.01
1411_01,True,0.74,0.26
1418_01,True,0.73,0.27
1422_01,True,0.86,0.14
1422_02,False,0.06,0.94
1422_03,False,0.05,0.95
1429_01,False,0.31,0.69
1432_01,False,0.22,0.78
1432_02,False,0.17,0.83
1436_01,True,0.6,0.4
1437_01,False,0.27,0.73
1441_01,False,0.18,0.82
1446_01,False,0.14,0.86
1448_01,False,0.42,0.58
1449_01,False,0.22,0.78
1456_01,False,0.25,0.75
1459_01,False,0.34,0.66
1464_01,False,0.2,0.8
1466_01,True,0.75,0.25
1468_01,False,0.47,0.53
1469_01,False,0.04,0.96
1469_02,False,0.23,0.77
1470_01,True,0.85,0.15
1471_01,False,0.25,0.75
1471_02,True,0.7,0.3
1471_03,True,0.52,0.48
1471_04,True,0.62,0.38
1471_05,True,0.9,0.1
1472_01,True,0.72,0.28
1473_01,False,0.27,0.73
1473_02,False,0.18,0.82
1475_01,True,0.7,0.3
1476_01,False,0.4,0.6
1477_01,True,0.62,0.38
1477_02,False,0.11,0.89
1480_01,True,0.86,0.14
1482_01,False,0.27,0.73
1483_01,True,0.54,0.46
1486_01,True,0.87,0.13
1487_01,True,0.83,0.17
1487_02,False,0.46,0.54
1492_01,False,0.14,0.86
1492_02,False,0.12,0.88
1494_01,False,0.31,0.69
1495_01,False,0.17,0.83
1495_02,True,0.68,0.32
1496_01,True,0.76,0.24
1497_01,False,0.38,0.62
1497_02,False,0.35,0.65
1502_01,False,0.12,0.88
1502_02,True,0.82,0.18
1502_03,True,1.0,0.0
1502_04,True,1.0,0.0
1504_01,False,0.13,0.87
1505_01,False,0.09,0.91
1508_01,False,0.13,0.87
1512_01,False,0.25,0.75
1513_01,True,0.62,0.38
1514_01,True,0.88,0.12
1516_01,True,0.66,0.34
1517_01,False,0.15,0.85
1518_01,False,0.1,0.9
1518_02,False,0.37,0.63
1519_01,False,0.34,0.66
1522_01,True,0.78,0.22
1530_01,True,0.88,0.12
1534_01,False,0.34,0.66
1534_02,False,0.22,0.78
1535_01,False,0.14,0.86
1537_01,True,0.98,0.02
1538_01,False,0.07,0.93
1538_02,False,0.23,0.77
1546_01,True,0.89,0.11
1549_01,True,0.66,0.34
1553_01,True,0.55,0.45
1553_02,False,0.25,0.75
1554_01,True,0.86,0.14
1554_02,True,0.66,0.34
1556_01,False,0.33,0.67
1557_01,True,0.98,0.02
1559_01,True,1.0,0.0
1559_02,True,1.0,0.0
1563_01,True,1.0,0.0
1566_01,True,1.0,0.0
1570_01,False,0.05,0.95
1571_01,False,0.21,0.79
1574_01,True,0.79,0.21
1575_01,True,0.83,0.17
1582_01,True,0.71,0.29
1582_02,False,0.45,0.55
1583_01,True,0.85,0.15
1586_01,False,0.14,0.86
1587_01,True,0.81,0.19
1587_02,True,0.75,0.25
1589_01,False,0.11,0.89
1591_01,False,0.06,0.94
1591_02,True,0.96,0.04
1598_01,True,0.65,0.35
1598_02,True,0.66,0.34
1600_01,False,0.36,0.64
1605_01,False,0.17,0.83
1607_01,True,0.95,0.05
1609_01,False,0.22,0.78
1610_01,True,0.9,0.1
1616_01,True,0.78,0.22
1618_01,False,0.02,0.98
1620_01,False,0.03,0.97
1623_01,False,0.49,0.51
1627_01,True,0.79,0.21
1629_01,True,1.0,0.0
1629_02,True,0.99,0.01
1629_03,True,0.73,0.27
1629_04,True,0.9,0.1
1629_05,True,0.96,0.04
1629_06,True,1.0,0.0
1639_01,False,0.13,0.87
1641_01,True,0.76,0.24
1642_01,False,0.12,0.88
1643_01,False,0.16,0.84
1648_01,True,1.0,0.0
1652_01,True,0.86,0.14
1654_01,False,0.2,0.8
1664_01,True,0.63,0.37
1665_01,True,1.0,0.0
1665_02,True,0.97,0.03
1667_01,False,0.05,0.95
1675_01,True,0.7,0.3
1678_01,False,0.13,0.87
1679_01,True,0.9,0.1
1680_01,False,0.0,1.0
1680_02,True,1.0,0.0
1683_01,False,0.28,0.72
1684_01,False,0.16,0.84
1686_01,False,0.37,0.63
1689_01,False,0.35,0.65
1689_02,True,0.75,0.25
1689_03,True,0.53,0.47
1692_01,True,0.83,0.17
1693_01,True,0.66,0.34
1701_01,True,0.88,0.12
1702_01,True,0.81,0.19
1703_01,True,0.68,0.32
1706_01,False,0.17,0.83
1707_01,False,0.43,0.57
1716_01,False,0.09,0.91
1720_01,False,0.09,0.91
1722_01,False,0.07,0.93
1726_01,False,0.21,0.79
1726_02,True,0.79,0.21
1726_03,False,0.26,0.74
1732_01,True,0.88,0.12
1735_01,False,0.15,0.85
1737_01,False,0.29,0.71
1741_01,True,0.56,0.44
1741_02,True,0.88,0.12
1741_03,False,0.27,0.73
1743_01,False,0.37,0.63
1744_01,False,0.33,0.67
1750_01,True,0.79,0.21
1751_01,True,0.71,0.29
1751_02,True,0.93,0.07
1754_01,True,0.54,0.46
1756_01,True,0.66,0.34
1759_01,False,0.3,0.7
1765_01,True,0.71,0.29
1773_01,False,0.33,0.67
1777_01,False,0.01,0.99
1777_02,True,1.0,0.0
1780_01,False,0.47,0.53
1784_01,False,0.15,0.85
1787_01,False,0.34,0.66
1788_01,False,0.19,0.81
1789_01,False,0.34,0.66
1790_01,True,0.77,0.23
1790_02,True,0.75,0.25
1791_01,True,0.86,0.14
1791_02,False,0.23,0.77
1793_01,False,0.3,0.7
1793_02,True,0.55,0.45
1794_01,False,0.15,0.85
1795_01,False,0.28,0.72
1801_01,True,0.76,0.24
1801_02,False,0.13,0.87
1809_01,True,0.88,0.12
1814_01,False,0.22,0.78
1814_02,True,0.53,0.47
1814_03,False,0.24,0.76
1815_01,True,0.75,0.25
1819_01,False,0.11,0.89
1820_01,True,0.94,0.06
1824_01,False,0.35,0.65
1825_01,True,0.7,0.3
1825_02,True,0.58,0.42
1830_01,True,0.96,0.04
1832_01,False,0.22,0.78
1835_01,True,0.99,0.01
1835_02,True,1.0,0.0
1837_01,True,1.0,0.0
1838_01,False,0.4,0.6
1839_01,False,0.01,0.99
1840_01,True,0.88,0.12
1842_01,False,0.27,0.73
1845_01,False,0.09,0.91
1851_01,False,0.12,0.88
1851_02,True,1.0,0.0
1852_01,True,1.0,0.0
1852_02,True,0.91,0.09
1852_03,True,0.98,0.02
1852_04,True,1.0,0.0
1858_01,True,0.98,0.02
1862_01,False,0.34,0.66
1862_02,False,0.32,0.68
1862_03,False,0.25,0.75
1867_01,True,0.99,0.01
1869_01,False,0.06,0.94
1870_01,False,0.08,0.92
1875_01,True,0.52,0.48
1876_01,False,0.33,0.67
1883_01,True,1.0,0.0
1885_01,True,0.6,0.4
1893_01,False,0.21,0.79
1894_01,False,0.13,0.87
1895_01,False,0.19,0.81
1896_01,False,0.03,0.97
1900_01,True,0.67,0.33
1904_01,False,0.02,0.98
1909_01,True,1.0,0.0
1909_02,True,1.0,0.0
1909_03,False,0.36,0.64
1910_01,True,0.77,0.23
1910_02,False,0.13,0.87
1910_03,False,0.1,0.9
1910_04,True,0.71,0.29
1912_01,False,0.37,0.63
1913_01,True,0.85,0.15
1913_02,True,0.8,0.2
1913_03,True,0.65,0.35
1914_01,True,0.62,0.38
1917_01,True,0.8,0.2
1919_01,False,0.34,0.66
1921_01,False,0.11,0.89
1921_02,False,0.06,0.94
1924_01,True,0.95,0.05
1929_01,False,0.06,0.94
1930_01,False,0.24,0.76
1932_01,False,0.02,0.98
1934_01,False,0.33,0.67
1936_01,False,0.28,0.72
1943_01,False,0.43,0.57
1944_01,False,0.29,0.71
1948_01,False,0.07,0.93
1948_02,True,1.0,0.0
1949_01,False,0.29,0.71
1951_01,True,1.0,0.0
1951_02,False,0.1,0.9
1954_01,False,0.15,0.85
1955_01,False,0.24,0.76
1958_01,False,0.06,0.94
1965_01,True,0.79,0.21
1966_01,False,0.39,0.61
1970_01,False,0.19,0.81
1972_01,True,0.74,0.26
1982_01,False,0.2,0.8
1986_01,True,0.83,0.17
1987_01,True,0.61,0.39
1989_01,True,0.65,0.35
1990_01,False,0.46,0.54
1990_02,True,0.94,0.06
1998_01,False,0.15,0.85
2002_01,True,0.8,0.2
2004_01,True,0.95,0.05
2005_01,False,0.17,0.83
2005_02,False,0.25,0.75
2008_01,False,0.21,0.79
2014_01,True,1.0,0.0
2016_01,False,0.25,0.75
2016_02,False,0.19,0.81
2017_01,True,0.6,0.4
2017_02,False,0.09,0.91
2018_01,True,0.88,0.12
2020_01,True,0.62,0.38
2021_01,True,0.87,0.13
2023_01,True,0.71,0.29
2023_02,True,0.88,0.12
2023_03,True,0.8225,0.1775
2025_01,False,0.06,0.94
2030_01,True,0.57,0.43
2031_01,False,0.09,0.91
2033_01,False,0.4,0.6
2035_01,False,0.24,0.76
2035_02,False,0.18,0.82
2036_01,True,0.93,0.07
2036_02,True,0.7,0.3
2036_03,False,0.25,0.75
2037_01,True,0.99,0.01
2037_02,False,0.07,0.93
2039_01,True,0.92,0.08
2039_02,False,0.18,0.82
2039_03,True,0.72,0.28
2047_01,True,0.86,0.14
2048_01,True,0.78,0.22
2049_01,True,0.95,0.05
2050_01,False,0.28,0.72
2057_01,True,0.73,0.27
2057_02,True,0.7,0.3
2057_03,False,0.25,0.75
2057_04,True,0.8,0.2
2057_05,True,0.87,0.13
2058_01,False,0.18,0.82
2064_01,False,0.32,0.68
2068_01,True,1.0,0.0
2068_02,True,0.97,0.03
2068_03,True,0.95,0.05
2068_04,False,0.2,0.8
2068_05,True,0.84,0.16
2069_01,False,0.09,0.91
2072_01,False,0.28,0.72
2072_02,False,0.29,0.71
2076_01,True,0.83,0.17
2077_01,False,0.15,0.85
2078_01,True,0.9,0.1
2079_01,True,0.55,0.45
2079_02,False,0.17,0.83
2079_03,False,0.25,0.75
2093_01,False,0.25,0.75
2098_01,False,0.21,0.79
2101_01,True,0.84,0.16
2101_02,True,0.66,0.34
2103_01,False,0.26,0.74
2108_01,True,0.51,0.49
2108_02,True,0.6,0.4
2109_01,True,0.84,0.16
2113_01,True,0.9,0.1
2119_01,False,0.24,0.76
2119_02,True,0.8,0.2
2122_01,True,0.56,0.44
2132_01,True,0.95,0.05
2146_01,True,0.94,0.06
2146_02,True,1.0,0.0
2151_01,True,0.77,0.23
2155_01,True,0.68,0.32
2157_01,False,0.27,0.73
2160_01,False,0.0,1.0
2160_02,True,0.9,0.1
2160_03,True,0.88,0.12
2165_01,True,0.54,0.46
2166_01,True,0.58,0.42
2169_01,False,0.1,0.9
2170_01,False,0.07,0.93
2174_01,False,0.28,0.72
2176_01,True,0.71,0.29
2178_01,False,0.26,0.74
2181_01,False,0.15,0.85
2184_01,True,1.0,0.0
2184_02,True,0.98,0.02
2185_01,True,1.0,0.0
2192_01,False,0.32,0.68
2197_01,False,0.41,0.59
2199_01,True,0.66,0.34
2208_01,False,0.14,0.86
2213_01,False,0.31,0.69
2214_01,False,0.44,0.56
2216_01,True,0.76,0.24
2217_01,False,0.13,0.87
2218_01,False,0.48,0.52
2222_01,False,0.14,0.86
2226_01,False,0.23,0.77
2227_01,False,0.24,0.76
2230_01,True,0.82,0.18
2236_01,True,0.54,0.46
2240_01,False,0.38,0.62
2240_02,False,0.22,0.78
2240_03,False,0.25,0.75
2242_01,True,0.84,0.16
2244_01,True,0.72,0.28
2245_01,True,0.99,0.01
2245_02,True,0.99,0.01
2246_01,True,0.56,0.44
2246_02,False,0.1,0.9
2247_01,False,0.19,0.81
2248_01,False,0.22,0.78
2249_01,True,0.81,0.19
2250_01,False,0.07,0.93
2259_01,True,0.68,0.32
2259_02,True,0.97,0.03
2260_01,True,0.97,0.03
2265_01,False,0.11,0.89
2271_01,False,0.06,0.94
2276_01,True,0.8,0.2
2276_02,False,0.29,0.71
2283_01,False,0.19,0.81
2285_01,False,0.15,0.85
2286_01,False,0.23,0.77
2290_01,True,0.74,0.26
2292_01,True,0.95,0.05
2293_01,True,0.61,0.39
2294_01,True,0.82,0.18
2297_01,False,0.04,0.96
2304_01,True,0.87,0.13
2307_01,True,0.68,0.32
2307_02,True,0.83,0.17
2307_03,True,0.71,0.29
2307_04,True,0.63,0.37
2307_05,True,0.72,0.28
2322_01,False,0.25,0.75
2323_01,False,0.1,0.9
2324_01,False,0.23,0.77
2326_01,True,0.69,0.31
2328_01,False,0.27,0.73
2330_01,False,0.09,0.91
2331_01,True,0.98,0.02
2334_01,False,0.02,0.98
2335_01,True,0.57,0.43
2337_01,True,0.94,0.06
2342_01,False,0.13,0.87
2343_01,True,1.0,0.0
2343_02,True,0.94,0.06
2344_01,False,0.19,0.81
2344_02,True,1.0,0.0
2346_01,False,0.07,0.93
2350_01,True,0.58,0.42
2350_02,False,0.12,0.88
2350_03,True,0.75,0.25
2351_01,False,0.28,0.72
2351_02,False,0.05,0.95
2352_01,False,0.33,0.67
2354_01,False,0.08,0.92
2355_01,True,0.97,0.03
2355_02,True,1.0,0.0
2355_03,False,0.16,0.84
2355_04,True,0.97,0.03
2358_01,False,0.09,0.91
2359_01,False,0.28,0.72
2362_01,False,0.42,0.58
2370_01,True,0.73,0.27
2370_02,True,0.85,0.15
2370_03,False,0.36,0.64
2370_04,False,0.25,0.75
2371_01,False,0.49,0.51
2372_01,False,0.22,0.78
2378_01,False,0.5,0.5
2378_02,True,0.66,0.34
2380_01,False,0.03,0.97
2380_02,True,0.95,0.05
2381_01,True,0.89,0.11
2383_01,False,0.18,0.82
2383_02,False,0.05,0.95
2386_01,True,0.75,0.25
2388_01,False,0.23,0.77
2388_02,True,0.85,0.15
2393_01,False,0.21,0.79
2394_01,True,0.72,0.28
2394_02,True,0.69,0.31
2394_03,False,0.46,0.54
2400_01,False,0.44,0.56
2405_01,False,0.35,0.65
2407_01,True,0.98,0.02
2408_01,False,0.02,0.98
2415_01,True,0.73,0.27
2418_01,False,0.25,0.75
2420_01,False,0.15,0.85
2422_01,False,0.09,0.91
2422_02,True,0.99,0.01
2425_01,True,0.66,0.34
2425_02,True,0.61,0.39
2425_03,True,0.57,0.43
2425_04,True,0.69,0.31
2425_05,True,0.88,0.12
2425_06,True,0.85,0.15
2428_01,False,0.38,0.62
2430_01,True,0.58,0.42
2430_02,False,0.44,0.56
2430_03,False,0.14,0.86
2434_01,True,0.7,0.3
2434_02,False,0.45,0.55
2437_01,False,0.16,0.84
2440_01,False,0.35,0.65
2447_01,False,0.4,0.6
2448_01,True,1.0,0.0
2448_02,True,1.0,0.0
2450_01,False,0.05,0.95
2459_01,True,0.83,0.17
2464_01,False,0.15,0.85
2465_01,False,0.36,0.64
2468_01,True,1.0,0.0
2469_01,False,0.25,0.75
2469_02,False,0.2,0.8
2473_01,False,0.08,0.92
2481_01,True,0.87,0.13
2481_02,False,0.21,0.79
2482_01,False,0.11,0.89
2482_02,False,0.06,0.94
2484_01,True,0.92,0.08
2484_02,False,0.22,0.78
2485_01,False,0.31,0.69
2487_01,True,0.95,0.05
2487_02,False,0.13,0.87
2487_03,False,0.28,0.72
2490_01,False,0.2,0.8
2493_01,False,0.06,0.94
2493_02,False,0.27,0.73
2494_01,True,0.97,0.03
2494_02,False,0.05,0.95
2495_01,False,0.27,0.73
2501_01,True,0.91,0.09
2504_01,False,0.2,0.8
2507_01,True,0.83,0.17
2511_01,True,0.58,0.42
2514_01,True,0.53,0.47
2517_01,False,0.48,0.52
2525_01,False,0.1,0.9
2529_01,False,0.3,0.7
2533_01,False,0.22,0.78
2536_01,True,0.7,0.3
2538_01,True,0.99,0.01
2538_02,True,0.99,0.01
2539_01,True,0.53,0.47
2543_01,True,0.71,0.29
2554_01,False,0.27,0.73
2556_01,True,0.87,0.13
2563_01,True,0.86,0.14
2566_01,False,0.13,0.87
2567_01,True,0.99,0.01
2567_02,False,0.11,0.89
2568_01,True,0.66,0.34
2569_01,True,0.74,0.26
2570_01,True,0.87,0.13
2575_01,True,0.79,0.21
2576_01,True,0.78,0.22
2577_01,True,0.84,0.16
2577_02,True,0.84,0.16
2579_01,False,0.13,0.87
2583_01,True,0.85,0.15
2585_01,True,1.0,0.0
2586_01,True,0.87,0.13
2587_01,False,0.49,0.51
2587_02,True,0.58,0.42
2600_01,True,0.92,0.08
2603_01,True,0.68,0.32
2603_02,True,0.65,0.35
2604_01,True,0.68,0.32
2608_01,True,0.85,0.15
2610_01,False,0.14,0.86
2611_01,False,0.22,0.78
2612_01,False,0.25,0.75
2613_01,True,0.58,0.42
2614_01,False,0.09,0.91
2615_01,True,0.59,0.41
2620_01,True,0.88,0.12
2621_01,False,0.1,0.9
2623_01,False,0.24,0.76
2630_01,False,0.31,0.69
2630_02,True,0.84,0.16
2630_03,True,0.53,0.47
2632_01,False,0.22,0.78
2637_01,False,0.15,0.85
2637_02,True,0.56,0.44
2637_03,False,0.26,0.74
2639_01,True,0.55,0.45
2644_01,False,0.13,0.87
2653_01,False,0.48,0.52
2654_01,False,0.09,0.91
2656_01,True,1.0,0.0
2665_01,False,0.19,0.81
2667_01,True,0.97,0.03
2667_02,False,0.1,0.9
2667_03,False,0.08,0.92
2667_04,True,0.99,0.01
2667_05,True,0.57,0.43
2669_01,False,0.14,0.86
2673_01,True,0.83,0.17
2674_01,False,0.48,0.52
2674_02,False,0.46,0.54
2680_01,False,0.03,0.97
2681_01,True,0.67,0.33
2686_01,False,0.12,0.88
2689_01,False,0.12,0.88
2694_01,True,0.99,0.01
2694_02,True,0.9,0.1
2696_01,True,0.8,0.2
2699_01,False,0.25,0.75
2705_01,True,0.86,0.14
2710_01,True,0.98,0.02
2710_02,True,0.95,0.05
2711_01,True,0.61,0.39
2715_01,False,0.25,0.75
2715_02,False,0.15,0.85
2716_01,False,0.36,0.64
2716_02,True,1.0,0.0
2719_01,False,0.31,0.69
2719_02,True,0.66,0.34
2719_03,False,0.06,0.94
2728_01,False,0.3,0.7
2731_01,True,0.64,0.36
2733_01,False,0.33,0.67
2735_01,False,0.21,0.79
2742_01,True,0.83,0.17
2744_01,True,0.52,0.48
2749_01,True,0.55,0.45
2757_01,False,0.08,0.92
2761_01,False,0.2,0.8
2761_02,True,0.75,0.25
2766_01,True,0.75,0.25
2767_01,False,0.05,0.95
2771_01,False,0.27,0.73
2775_01,False,0.17,0.83
2776_01,True,0.53,0.47
2777_01,True,1.0,0.0
2779_01,False,0.2,0.8
2782_01,False,0.02,0.98
2791_01,False,0.07,0.93
2794_01,False,0.26,0.74
2794_02,False,0.12,0.88
2794_03,True,0.75,0.25
2794_04,True,0.77,0.23
2794_05,False,0.13,0.87
2794_06,True,0.57,0.43
2794_07,False,0.13,0.87
2800_01,True,0.99,0.01
2803_01,True,1.0,0.0
2804_01,True,0.63,0.37
2808_01,True,1.0,0.0
2808_02,True,0.94,0.06
2815_01,False,0.43,0.57
2815_02,True,0.8025,0.1975
2815_03,True,0.63,0.37
2816_01,True,1.0,0.0
2827_01,True,0.52,0.48
2828_01,False,0.08,0.92
2829_01,True,0.88,0.12
2830_01,True,0.53,0.47
2833_01,True,0.94,0.06
2836_01,True,0.94,0.06
2841_01,False,0.0,1.0
2842_01,False,0.34,0.66
2844_01,False,0.31,0.69
2845_01,True,1.0,0.0
2845_02,True,1.0,0.0
2848_01,True,0.93,0.07
2848_02,True,0.99,0.01
2848_03,True,0.92,0.08
2849_01,False,0.19,0.81
2850_01,True,0.99,0.01
2850_02,True,0.71,0.29
2850_03,False,0.2,0.8
2850_04,True,0.68,0.32
2851_01,False,0.4,0.6
2855_01,True,0.81,0.19
2864_01,False,0.16,0.84
2868_01,True,0.86,0.14
2868_02,True,0.8025,0.1975
2868_03,True,0.52,0.48
2868_04,True,0.79,0.21
2874_01,False,0.19,0.81
2879_01,False,0.35,0.65
2885_01,False,0.04,0.96
2886_01,False,0.04,0.96
2889_01,False,0.35,0.65
2895_01,True,1.0,0.0
2896_01,False,0.18,0.82
2898_01,True,0.95,0.05
2898_02,False,0.4,0.6
2903_01,False,0.34,0.66
2904_01,False,0.27,0.73
2904_02,True,0.98,0.02
2911_01,False,0.34,0.66
2914_01,True,0.89,0.11
2915_01,True,0.87,0.13
2916_01,True,0.7,0.3
2917_01,False,0.04,0.96
2918_01,False,0.12,0.88
2921_01,False,0.16,0.84
2922_01,True,0.64,0.36
2923_01,True,0.63,0.37
2924_01,False,0.04,0.96
2931_01,True,0.7,0.3
2931_02,False,0.05,0.95
2932_01,True,0.97,0.03
2933_01,False,0.07,0.93
2937_01,False,0.21,0.79
2939_01,True,0.81,0.19
2946_01,False,0.31,0.69
2946_02,False,0.24,0.76
2946_03,True,0.55,0.45
2946_04,False,0.16,0.84
2947_01,True,0.8,0.2
2951_01,False,0.11,0.89
2952_01,False,0.27,0.73
2955_01,False,0.12,0.88
2957_01,True,0.71,0.29
2963_01,False,0.42,0.58
2967_01,True,0.57,0.43
2973_01,False,0.25,0.75
2974_01,False,0.32,0.68
2976_01,True,0.82,0.18
2976_02,False,0.48,0.52
2976_03,True,0.85,0.15
2976_04,False,0.11,0.89
2977_01,False,0.22,0.78
2977_02,False,0.42,0.58
2977_03,False,0.25,0.75
2978_01,False,0.23,0.77
2980_01,False,0.25,0.75
2981_01,True,0.93,0.07
2985_01,True,0.73,0.27
2987_01,False,0.28,0.72
2989_01,False,0.4,0.6
2991_01,False,0.04,0.96
2997_01,True,1.0,0.0
2997_02,False,0.09,0.91
2997_03,False,0.3,0.7
2997_04,True,0.93,0.07
2999_01,True,0.6,0.4
3002_01,False,0.35,0.65
3007_01,False,0.1,0.9
3008_01,True,0.95,0.05
3008_02,False,0.15,0.85
3008_03,True,1.0,0.0
3008_04,True,0.63,0.37
3008_05,True,1.0,0.0
3008_06,True,1.0,0.0
3011_01,False,0.39,0.61
3016_01,False,0.24,0.76
3016_02,True,0.68,0.32
3016_03,True,0.68,0.32
3016_04,False,0.29,0.71
3017_01,True,0.76,0.24
3028_01,True,0.86,0.14
3031_01,True,0.77,0.23
3035_01,True,0.68,0.32
3037_01,True,1.0,0.0
3037_02,True,0.93,0.07
3041_01,False,0.4,0.6
3043_01,False,0.49,0.51
3046_01,True,0.73,0.27
3049_01,False,0.06,0.94
3051_01,False,0.12,0.88
3052_01,False,0.05,0.95
3056_01,True,0.81,0.19
3057_01,False,0.29,0.71
3058_01,False,0.04,0.96
3059_01,True,1.0,0.0
3069_01,False,0.49,0.51
3072_01,True,0.99,0.01
3074_01,True,0.72,0.28
3075_01,True,0.65,0.35
3077_01,True,0.68,0.32
3077_02,True,0.89,0.11
3078_01,False,0.01,0.99
3078_02,False,0.06,0.94
3078_03,True,0.72,0.28
3078_04,False,0.03,0.97
3086_01,True,0.79,0.21
3089_01,True,0.98,0.02
3094_01,True,0.85,0.15
3097_01,True,0.65,0.35
3098_01,False,0.24,0.76
3101_01,False,0.33,0.67
3105_01,True,0.95,0.05
3105_02,True,0.67,0.33
3105_03,True,0.95,0.05
3106_01,True,0.73,0.27
3107_01,True,0.72,0.28
3108_01,True,0.79,0.21
3109_01,True,0.55,0.45
3115_01,True,0.84,0.16
3122_01,False,0.25,0.75
3122_02,False,0.17,0.83
3125_01,False,0.15,0.85
3125_02,False,0.21,0.79
3127_01,True,1.0,0.0
3129_01,True,0.77,0.23
3135_01,False,0.28,0.72
3137_01,True,0.98,0.02
3139_01,True,0.51,0.49
3141_01,True,0.61,0.39
3144_01,False,0.21,0.79
3146_01,False,0.17,0.83
3148_01,True,0.71,0.29
3148_02,False,0.24,0.76
3150_01,False,0.32,0.68
3151_01,True,1.0,0.0
3153_01,False,0.3,0.7
3153_02,True,0.68,0.32
3154_01,False,0.48,0.52
3155_01,True,1.0,0.0
3155_02,True,0.77,0.23
3156_01,False,0.16,0.84
3157_01,False,0.09,0.91
3160_01,False,0.04,0.96
3165_01,False,0.24,0.76
3167_01,True,0.55,0.45
3170_01,False,0.49,0.51
3173_01,True,0.66,0.34
3177_01,False,0.19,0.81
3178_01,False,0.38,0.62
3183_01,False,0.23,0.77
3186_01,False,0.11,0.89
3187_01,False,0.41,0.59
3190_01,False,0.25,0.75
3190_02,True,0.95,0.05
3194_01,False,0.23,0.77
3198_01,False,0.05,0.95
3199_01,True,0.89,0.11
3202_01,True,0.74,0.26
3207_01,False,0.29,0.71
3208_01,False,0.27,0.73
3214_01,True,0.8,0.2
3222_01,False,0.12,0.88
3226_01,False,0.43,0.57
3228_01,False,0.24,0.76
3231_01,True,0.8,0.2
3233_01,True,0.74,0.26
3234_01,False,0.47,0.53
3242_01,False,0.36,0.64
3244_01,True,1.0,0.0
3244_02,True,0.99,0.01
3244_03,True,0.9,0.1
3245_01,True,0.54,0.46
3245_02,False,0.1,0.9
3246_01,True,0.54,0.46
3249_01,False,0.16,0.84
3249_02,True,0.54,0.46
3250_01,False,0.3,0.7
3251_01,False,0.18,0.82
3257_01,True,0.78,0.22
3261_01,False,0.18,0.82
3263_01,True,0.86,0.14
3264_01,False,0.26,0.74
3265_01,False,0.02,0.98
3265_02,True,0.93,0.07
3265_03,True,0.97,0.03
3265_04,True,0.89,0.11
3266_01,False,0.42,0.58
3267_01,True,0.99,0.01
3277_01,False,0.03,0.97
3278_01,True,0.89,0.11
3281_01,True,0.8,0.2
3285_01,False,0.44,0.56
3285_02,True,0.99,0.01
3286_01,False,0.12,0.88
3288_01,True,0.53,0.47
3290_01,True,0.63,0.37
3290_02,False,0.21,0.79
3291_01,True,0.85,0.15
3302_01,False,0.05,0.95
3303_01,False,0.07,0.93
3306_01,False,0.0,1.0
3307_01,True,0.71,0.29
3316_01,True,0.7,0.3
3320_01,False,0.05,0.95
3320_02,False,0.1,0.9
3321_01,True,0.69,0.31
3333_01,True,0.62,0.38
3334_01,True,0.52,0.48
3335_01,False,0.28,0.72
3340_01,False,0.15,0.85
3341_01,True,0.94,0.06
3341_02,False,0.08,0.92
3344_01,True,0.9,0.1
3344_02,True,0.95,0.05
3345_01,True,0.84,0.16
3345_02,False,0.3,0.7
3345_03,True,0.79,0.21
3346_01,False,0.15,0.85
3347_01,True,0.78,0.22
3347_02,False,0.12,0.88
3351_01,True,0.83,0.17
3351_02,True,0.68,0.32
3354_01,False,0.27,0.73
3355_01,True,0.85,0.15
3356_01,True,0.59,0.41
3358_01,False,0.1,0.9
3362_01,False,0.25,0.75
3362_02,False,0.19,0.81
3366_01,True,0.97,0.03
3367_01,True,0.64,0.36
3368_01,True,0.95,0.05
3368_02,True,0.98,0.02
3368_03,False,0.26,0.74
3368_04,True,0.96,0.04
3368_05,True,0.83,0.17
3368_06,False,0.13,0.87
3368_07,False,0.16,0.84
3369_01,False,0.33,0.67
3373_01,False,0.49,0.51
3374_01,False,0.48,0.52
3375_01,False,0.1,0.9
3376_01,True,0.79,0.21
3378_01,False,0.43,0.57
3379_01,True,0.83,0.17
3385_01,True,0.72,0.28
3388_01,True,0.89,0.11
3393_01,True,0.87,0.13
3398_01,False,0.45,0.55
3399_01,False,0.23,0.77
3400_01,True,0.69,0.31
3407_01,False,0.16,0.84
3407_02,False,0.29,0.71
3411_01,True,0.57,0.43
3411_02,True,0.57,0.43
3411_03,True,0.56,0.44
3411_04,False,0.16,0.84
3411_05,True,0.56,0.44
3411_06,True,0.65,0.35
3411_07,False,0.25,0.75
3414_01,False,0.07,0.93
3416_01,False,0.17,0.83
3427_01,True,0.79,0.21
3429_01,True,1.0,0.0
3435_01,False,0.1,0.9
3436_01,True,0.86,0.14
3448_01,True,0.62,0.38
3448_02,True,0.52,0.48
3451_01,False,0.17,0.83
3452_01,False,0.3,0.7
3457_01,True,0.76,0.24
3460_01,False,0.28,0.72
3463_01,False,0.5,0.5
3466_01,False,0.15,0.85
3471_01,False,0.03,0.97
3472_01,True,0.69,0.31
3477_01,False,0.03,0.97
3477_02,True,0.84,0.16
3479_01,False,0.07,0.93
3481_01,False,0.07,0.93
3482_01,False,0.11,0.89
3482_02,True,0.86,0.14
3493_01,True,0.74,0.26
3494_01,False,0.07,0.93
3494_02,True,0.78,0.22
3498_01,False,0.31,0.69
3500_01,False,0.33,0.67
3502_01,False,0.09,0.91
3503_01,True,0.62,0.38
3505_01,False,0.11,0.89
3507_01,True,0.61,0.39
3508_01,False,0.49,0.51
3508_02,True,0.84,0.16
3509_01,True,0.97,0.03
3509_02,False,0.14,0.86
3510_01,True,0.66,0.34
3513_01,True,0.95,0.05
3513_02,True,0.89,0.11
3513_03,False,0.36,0.64
3513_04,True,0.94,0.06
3516_01,False,0.18,0.82
3517_01,True,0.52,0.48
3522_01,True,0.66,0.34
3524_01,False,0.2,0.8
3526_01,False,0.06,0.94
3529_01,True,0.53,0.47
3532_01,False,0.45,0.55
3538_01,False,0.01,0.99
3541_01,True,0.51,0.49
3544_01,False,0.25,0.75
3544_02,False,0.38,0.62
3545_01,False,0.39,0.61
3549_01,False,0.04,0.96
3549_02,True,1.0,0.0
3551_01,False,0.13,0.87
3554_01,False,0.34,0.66
3557_01,False,0.18,0.82
3571_01,True,0.89,0.11
3574_01,False,0.4,0.6
3575_01,False,0.11,0.89
3580_01,True,0.89,0.11
3580_02,True,0.97,0.03
3581_01,False,0.35,0.65
3583_01,False,0.41,0.59
3585_01,True,0.85,0.15
3587_01,True,0.87,0.13
3587_02,False,0.39,0.61
3587_03,False,0.26,0.74
3589_01,False,0.06,0.94
3589_02,True,0.64,0.36
3589_03,True,0.89,0.11
3589_04,True,0.86,0.14
3589_05,False,0.39,0.61
3589_06,True,0.68,0.32
3589_07,True,0.86,0.14
3590_01,False,0.5,0.5
3593_01,True,0.72,0.28
3599_01,True,0.62,0.38
3601_01,False,0.19,0.81
3601_02,True,0.84,0.16
3601_03,True,0.89,0.11
3601_04,True,0.78,0.22
3601_05,True,0.88,0.12
3601_06,False,0.09,0.91
3601_07,True,0.75,0.25
3603_01,True,0.58,0.42
3603_02,True,0.59,0.41
3604_01,True,0.74,0.26
3611_01,False,0.43,0.57
3617_01,False,0.17,0.83
3617_02,False,0.45,0.55
3617_03,False,0.09,0.91
3618_01,True,0.95,0.05
3618_02,False,0.14,0.86
3618_03,True,0.72,0.28
3618_04,False,0.13,0.87
3621_01,False,0.06,0.94
3621_02,False,0.06,0.94
3623_01,True,0.72,0.28
3627_01,True,0.97,0.03
3632_01,False,0.19,0.81
3633_01,True,0.77,0.23
3635_01,True,0.89,0.11
3635_02,False,0.17,0.83
3637_01,False,0.32,0.68
3638_01,False,0.24,0.76
3643_01,True,0.88,0.12
3646_01,False,0.27,0.73
3646_02,False,0.34,0.66
3649_01,False,0.19,0.81
3651_01,True,0.98,0.02
3656_01,True,0.96,0.04
3656_02,False,0.13,0.87
3657_01,True,1.0,0.0
3657_02,True,1.0,0.0
3657_03,True,0.54,0.46
3659_01,True,0.56,0.44
3659_02,True,0.8025,0.1975
3659_03,True,0.64,0.36
3659_04,True,0.52,0.48
3659_05,False,0.19,0.81
3659_06,True,0.53,0.47
3659_07,True,0.54,0.46
3661_01,False,0.0,1.0
3663_01,True,0.7,0.3
3666_01,True,0.73,0.27
3669_01,False,0.45,0.55
3670_01,True,0.65,0.35
3672_01,False,0.19,0.81
3672_02,False,0.38,0.62
3673_01,False,0.45,0.55
3675_01,False,0.42,0.58
3675_02,True,0.55,0.45
3675_03,True,0.89,0.11
3676_01,True,1.0,0.0
3683_01,True,1.0,0.0
3683_02,True,1.0,0.0
3684_01,True,0.73,0.27
3684_02,False,0.5,0.5
3685_01,True,0.68,0.32
3687_01,True,0.9,0.1
3689_01,False,0.14,0.86
3694_01,True,0.62,0.38
3695_01,False,0.12,0.88
3696_01,True,0.76,0.24
3697_01,False,0.27,0.73
3698_01,False,0.21,0.79
3701_01,True,1.0,0.0
3701_02,True,0.61,0.39
3701_03,True,1.0,0.0
3709_01,True,0.89,0.11
3712_01,True,0.64,0.36
3712_02,True,0.71,0.29
3712_03,True,0.86,0.14
3712_04,True,0.77,0.23
3712_05,True,0.86,0.14
3717_01,False,0.11,0.89
3717_02,False,0.48,0.52
3718_01,True,0.62,0.38
3720_01,True,0.81,0.19
3720_02,True,0.96,0.04
3720_03,True,0.56,0.44
3721_01,False,0.17,0.83
3722_01,False,0.28,0.72
3723_01,False,0.43,0.57
3725_01,True,0.95,0.05
3727_01,False,0.18,0.82
3730_01,True,1.0,0.0
3731_01,True,0.94,0.06
3738_01,True,0.64,0.36
3740_01,False,0.09,0.91
3746_01,False,0.32,0.68
3746_02,False,0.33,0.67
3746_03,True,0.72,0.28
3746_04,True,0.86,0.14
3762_01,True,0.62,0.38
3763_01,False,0.2,0.8
3764_01,True,0.56,0.44
3764_02,True,0.88,0.12
3766_01,True,1.0,0.0
3766_02,True,1.0,0.0
3780_01,True,0.95,0.05
3782_01,False,0.39,0.61
3782_02,False,0.03,0.97
3791_01,False,0.11,0.89
3792_01,True,0.74,0.26
3794_01,True,0.94,0.06
3799_01,True,0.51,0.49
3800_01,False,0.28,0.72
3802_01,False,0.11,0.89
3806_01,True,0.95,0.05
3808_01,True,0.55,0.45
3809_01,False,0.03,0.97
3809_02,False,0.31,0.69
3813_01,True,0.88,0.12
3819_01,False,0.28,0.72
3825_01,False,0.11,0.89
3827_01,False,0.25,0.75
3828_01,True,0.98,0.02
3828_02,False,0.13,0.87
3828_03,True,0.8,0.2
3829_01,True,0.62,0.38
3829_02,True,0.85,0.15
3833_01,True,0.91,0.09
3834_01,True,0.94,0.06
3837_01,False,0.17,0.83
3840_01,False,0.12,0.88
3843_01,False,0.48,0.52
3844_01,False,0.42,0.58
3844_02,True,0.85,0.15
3845_01,False,0.49,0.51
3855_01,True,0.97,0.03
3858_01,True,1.0,0.0
3858_02,True,1.0,0.0
3858_03,False,0.22,0.78
3858_04,False,0.24,0.76
3859_01,True,0.81,0.19
3860_01,True,0.92,0.08
3861_01,False,0.02,0.98
3863_01,False,0.38,0.62
3865_01,True,0.82,0.18
3869_01,True,0.95,0.05
3876_01,True,0.99,0.01
3876_02,False,0.41,0.59
3876_03,True,1.0,0.0
3877_01,False,0.17,0.83
3878_01,False,0.26,0.74
3880_01,True,0.77,0.23
3881_01,False,0.17,0.83
3882_01,True,0.98,0.02
3884_01,False,0.18,0.82
3885_01,False,0.3,0.7
3887_01,True,0.98,0.02
3889_01,False,0.28,0.72
3889_02,False,0.27,0.73
3891_01,True,0.8,0.2
3892_01,False,0.41,0.59
3892_02,False,0.09,0.91
3893_01,False,0.07,0.93
3893_02,True,0.87,0.13
3893_03,False,0.14,0.86
3900_01,False,0.37,0.63
3901_01,True,0.66,0.34
3902_01,True,0.96,0.04
3905_01,True,0.95,0.05
3906_01,False,0.05,0.95
3906_02,False,0.08,0.92
3908_01,True,0.59,0.41
3908_02,False,0.28,0.72
3910_01,True,0.94,0.06
3914_01,False,0.4,0.6
3918_01,False,0.03,0.97
3920_01,False,0.18,0.82
3925_01,False,0.06,0.94
3925_02,False,0.12,0.88
3929_01,True,0.79,0.21
3934_01,True,0.66,0.34
3934_02,True,0.53,0.47
3943_01,False,0.37,0.63
3943_02,True,0.84,0.16
3943_03,False,0.27,0.73
3947_01,False,0.22,0.78
3951_01,False,0.13,0.87
3953_01,True,0.52,0.48
3956_01,True,0.58,0.42
3957_01,False,0.48,0.52
3965_01,False,0.17,0.83
3969_01,False,0.19,0.81
3972_01,True,1.0,0.0
3975_01,False,0.47,0.53
3978_01,True,0.54,0.46
3979_01,False,0.07,0.93
3982_01,False,0.09,0.91
3983_01,False,0.2,0.8
3989_01,True,0.76,0.24
3989_02,True,0.62,0.38
3989_03,True,0.62,0.38
3989_04,True,0.72,0.28
3990_01,True,0.87,0.13
3993_01,False,0.13,0.87
4004_01,False,0.38,0.62
4007_01,False,0.09,0.91
4011_01,True,0.56,0.44
4012_01,True,0.77,0.23
4012_02,True,1.0,0.0
4015_01,True,0.95,0.05
4015_02,False,0.48,0.52
4024_01,False,0.48,0.52
4025_01,True,0.89,0.11
4028_01,False,0.47,0.53
4029_01,True,0.71,0.29
4041_01,False,0.36,0.64
4048_01,True,0.99,0.01
4048_02,True,0.99,0.01
4048_03,True,0.74,0.26
4051_01,True,0.86,0.14
4052_01,True,0.93,0.07
4054_01,True,1.0,0.0
4054_02,True,0.93,0.07
4054_03,False,0.31,0.69
4056_01,False,0.39,0.61
4057_01,False,0.27,0.73
4059_01,True,0.99,0.01
4059_02,False,0.15,0.85
4062_01,False,0.22,0.78
4067_01,True,0.6,0.4
4070_01,True,0.99,0.01
4070_02,True,0.97,0.03
4070_03,True,0.55,0.45
4073_01,False,0.09,0.91
4073_02,True,0.75,0.25
4074_01,False,0.22,0.78
4077_01,False,0.05,0.95
4085_01,True,0.52,0.48
4086_01,False,0.21,0.79
4086_02,False,0.45,0.55
4086_03,True,0.57,0.43
4087_01,True,0.59,0.41
4088_01,False,0.5,0.5
4092_01,True,0.65,0.35
4094_01,False,0.02,0.98
4094_02,False,0.14,0.86
4100_01,True,0.85,0.15
4105_01,True,0.71,0.29
4111_01,True,0.78,0.22
4117_01,False,0.13,0.87
4118_01,False,0.2,0.8
4119_01,False,0.49,0.51
4121_01,False,0.18,0.82
4122_01,True,0.59,0.41
4123_01,False,0.19,0.81
4124_01,True,0.68,0.32
4126_01,False,0.07,0.93
4133_01,True,0.95,0.05
4133_02,True,0.98,0.02
4136_01,True,0.86,0.14
4136_02,False,0.17,0.83
4138_01,False,0.15,0.85
4139_01,False,0.2,0.8
4146_01,True,0.51,0.49
4148_01,True,0.8,0.2
4153_01,False,0.32,0.68
4155_01,True,1.0,0.0
4157_01,False,0.33,0.67
4161_01,True,0.59,0.41
4162_01,True,0.51,0.49
4164_01,True,0.97,0.03
4180_01,True,1.0,0.0
4180_02,False,0.08,0.92
4187_01,False,0.07,0.93
4190_01,True,0.91,0.09
4192_01,False,0.38,0.62
4193_01,True,0.89,0.11
4195_01,False,0.24,0.76
4198_01,True,1.0,0.0
4200_01,False,0.18,0.82
4201_01,False,0.26,0.74
4202_01,True,0.66,0.34
4202_02,False,0.06,0.94
4209_01,False,0.07,0.93
4217_01,False,0.21,0.79
4224_01,False,0.16,0.84
4224_02,False,0.43,0.57
4226_01,True,1.0,0.0
4226_02,False,0.18,0.82
4227_01,True,0.83,0.17
4228_01,False,0.21,0.79
4234_01,False,0.15,0.85
4234_02,False,0.22,0.78
4235_01,False,0.06,0.94
4235_02,True,0.83,0.17
4236_01,True,0.76,0.24
4236_02,True,1.0,0.0
4241_01,True,0.63,0.37
4247_01,True,0.93,0.07
4247_02,False,0.29,0.71
4248_01,False,0.17,0.83
4248_02,False,0.17,0.83
4250_01,False,0.41,0.59
4263_01,True,0.71,0.29
4263_02,True,0.75,0.25
4263_03,True,0.81,0.19
4265_01,True,1.0,0.0
4268_01,True,0.89,0.11
4268_02,True,0.65,0.35
4269_01,False,0.36,0.64
4275_01,False,0.11,0.89
4276_01,False,0.08,0.92
4277_01,False,0.45,0.55
4279_01,False,0.33,0.67
4281_01,False,0.5,0.5
4282_01,True,0.97,0.03
4283_01,True,0.79,0.21
4284_01,True,0.99,0.01
4284_02,False,0.01,0.99
4285_01,True,0.52,0.48
4286_01,True,0.83,0.17
4286_02,False,0.33,0.67
4286_03,False,0.47,0.53
4287_01,True,0.54,0.46
4288_01,True,0.85,0.15
4288_02,False,0.5,0.5
4290_01,False,0.1,0.9
4298_01,False,0.33,0.67
4298_02,True,1.0,0.0
4298_03,True,0.98,0.02
4299_01,False,0.19,0.81
4304_01,False,0.21,0.79
4307_01,True,0.84,0.16
4308_01,True,0.89,0.11
4310_01,False,0.29,0.71
4313_01,True,0.58,0.42
4314_01,False,0.42,0.58
4321_01,True,0.93,0.07
4322_01,True,0.86,0.14
4323_01,True,1.0,0.0
4323_02,False,0.19,0.81
4323_03,True,0.59,0.41
4323_04,True,1.0,0.0
4325_01,True,0.61,0.39
4326_01,False,0.19,0.81
4328_01,True,0.86,0.14
4331_01,True,0.93,0.07
4341_01,True,0.73,0.27
4341_02,False,0.35,0.65
4342_01,True,0.75,0.25
4353_01,False,0.22,0.78
4355_01,True,0.93,0.07
4363_01,True,0.78,0.22
4374_01,False,0.11,0.89
4375_01,True,0.99,0.01
4377_01,False,0.4,0.6
4377_02,False,0.44,0.56
4377_03,True,0.92,0.08
4378_01,False,0.07,0.93
4378_02,False,0.15,0.85
4379_01,True,0.63,0.37
4380_01,False,0.11,0.89
4381_01,True,0.6,0.4
4381_02,False,0.16,0.84
4384_01,True,0.6,0.4
4385_01,False,0.35,0.65
4385_02,False,0.33,0.67
4385_03,True,0.9,0.1
4389_01,False,0.15,0.85
4394_01,False,0.15,0.85
4398_01,False,0.19,0.81
4406_01,False,0.05,0.95
4412_01,False,0.12,0.88
4414_01,True,0.97,0.03
4417_01,True,1.0,0.0
4418_01,False,0.04,0.96
4419_01,False,0.29,0.71
4419_02,False,0.06,0.94
4420_01,False,0.28,0.72
4420_02,False,0.45,0.55
4421_01,True,0.55,0.45
4423_01,False,0.07,0.93
4425_01,True,1.0,0.0
4425_02,True,0.6,0.4
4434_01,False,0.02,0.98
4435_01,True,0.79,0.21
4435_02,False,0.49,0.51
4439_01,True,0.97,0.03
4439_02,True,0.6,0.4
4442_01,True,0.8,0.2
4443_01,True,0.78,0.22
4443_02,True,0.6,0.4
4454_01,True,1.0,0.0
4455_01,False,0.41,0.59
4455_02,False,0.41,0.59
4455_03,True,0.75,0.25
4458_01,True,0.86,0.14
4460_01,True,0.81,0.19
4468_01,True,0.79,0.21
4471_01,False,0.14,0.86
4478_01,False,0.43,0.57
4480_01,True,0.71,0.29
4481_01,False,0.08,0.92
4484_01,False,0.12,0.88
4488_01,False,0.17,0.83
4489_01,False,0.22,0.78
4495_01,False,0.11,0.89
4499_01,True,0.93,0.07
4503_01,False,0.26,0.74
4504_01,True,0.94,0.06
4507_01,False,0.11,0.89
4513_01,True,0.59,0.41
4519_01,True,0.72,0.28
4520_01,False,0.08,0.92
4523_01,True,0.92,0.08
4523_02,True,0.74,0.26
4523_03,False,0.08,0.92
4523_04,True,0.82,0.18
4523_05,True,0.92,0.08
4523_06,True,0.76,0.24
4525_01,False,0.08,0.92
4526_01,True,0.71,0.29
4527_01,False,0.21,0.79
4528_01,True,0.63,0.37
4536_01,False,0.11,0.89
4540_01,True,0.6,0.4
4541_01,False,0.12,0.88
4545_01,False,0.14,0.86
4548_01,True,1.0,0.0
4551_01,True,0.89,0.11
4551_02,True,0.69,0.31
4551_03,True,1.0,0.0
4551_04,True,0.98,0.02
4554_01,False,0.02,0.98
4556_01,True,0.52,0.48
4566_01,False,0.17,0.83
4578_01,False,0.21,0.79
4579_01,True,0.91,0.09
4582_01,True,0.76,0.24
4582_02,True,0.6,0.4
4582_03,True,0.6,0.4
4582_04,True,0.64,0.36
4582_05,True,0.86,0.14
4582_06,False,0.49,0.51
4582_07,False,0.46,0.54
4583_01,True,0.95,0.05
4583_02,True,1.0,0.0
4583_03,True,0.62,0.38
4584_01,False,0.21,0.79
4588_01,False,0.08,0.92
4589_01,True,0.59,0.41
4590_01,False,0.11,0.89
4598_01,False,0.25,0.75
4599_01,True,0.53,0.47
4600_01,True,0.97,0.03
4600_02,True,0.8,0.2
4601_01,False,0.12,0.88
4614_01,True,0.57,0.43
4614_02,False,0.4,0.6
4616_01,False,0.26,0.74
4618_01,False,0.23,0.77
4619_01,True,0.82,0.18
4626_01,True,1.0,0.0
4626_02,False,0.22,0.78
4627_01,False,0.17,0.83
4629_01,False,0.18,0.82
4636_01,True,0.6,0.4
4639_01,True,0.95,0.05
4639_02,True,0.95,0.05
4639_03,False,0.06,0.94
4639_04,False,0.12,0.88
4639_05,True,0.97,0.03
4639_06,False,0.41,0.59
4647_01,True,0.77,0.23
4660_01,True,0.51,0.49
4666_01,False,0.36,0.64
4669_01,True,1.0,0.0
4670_01,True,0.68,0.32
4671_01,True,0.99,0.01
4671_02,True,0.67,0.33
4671_03,True,0.57,0.43
4671_04,True,1.0,0.0
4674_01,False,0.03,0.97
4675_01,True,0.6,0.4
4675_02,False,0.13,0.87
4681_01,False,0.09,0.91
4682_01,True,0.55,0.45
4683_01,True,1.0,0.0
4683_02,False,0.45,0.55
4685_01,True,1.0,0.0
4687_01,False,0.1,0.9
4688_01,False,0.04,0.96
4692_01,False,0.29,0.71
4697_01,True,0.96,0.04
4698_01,True,1.0,0.0
4700_01,True,0.96,0.04
4701_01,True,1.0,0.0
4701_02,True,1.0,0.0
4701_03,True,0.97,0.03
4701_04,True,0.99,0.01
4702_01,True,0.97,0.03
4702_02,False,0.04,0.96
4703_01,True,0.69,0.31
4703_02,True,1.0,0.0
4705_01,True,0.67,0.33
4705_02,False,0.03,0.97
4707_01,False,0.03,0.97
4707_02,False,0.29,0.71
4715_01,True,0.61,0.39
4716_01,False,0.3,0.7
4718_01,True,1.0,0.0
4722_01,False,0.19,0.81
4724_01,True,1.0,0.0
4727_01,False,0.09,0.91
4727_02,False,0.32,0.68
4729_01,False,0.05,0.95
4731_01,True,0.93,0.07
4734_01,False,0.25,0.75
4735_01,False,0.15,0.85
4736_01,True,1.0,0.0
4737_01,False,0.29,0.71
4740_01,True,0.83,0.17
4742_01,False,0.02,0.98
4745_01,True,0.86,0.14
4747_01,True,1.0,0.0
4747_02,False,0.29,0.71
4749_01,False,0.06,0.94
4751_01,False,0.22,0.78
4760_01,True,0.53,0.47
4761_01,True,0.9,0.1
4761_02,True,0.89,0.11
4761_03,False,0.47,0.53
4765_01,True,0.82,0.18
4766_01,True,0.99,0.01
4767_01,True,0.72,0.28
4768_01,True,0.69,0.31
4768_02,True,1.0,0.0
4771_01,True,0.69,0.31
4776_01,True,1.0,0.0
4776_02,True,0.68,0.32
4776_03,True,0.99,0.01
4776_04,True,1.0,0.0
4779_01,False,0.19,0.81
4781_01,False,0.09,0.91
4789_01,True,1.0,0.0
4799_01,False,0.09,0.91
4799_02,False,0.42,0.58
4799_03,False,0.1,0.9
4800_01,False,0.06,0.94
4802_01,True,0.92,0.08
4802_02,False,0.3,0.7
4805_01,True,0.88,0.12
4806_01,True,0.56,0.44
4809_01,False,0.04,0.96
4811_01,True,0.87,0.13
4812_01,True,1.0,0.0
4816_01,False,0.2,0.8
4820_01,True,0.82,0.18
4820_02,False,0.1,0.9
4821_01,False,0.23,0.77
4824_01,True,0.93,0.07
4825_01,True,1.0,0.0
4826_01,True,0.86,0.14
4833_01,False,0.09,0.91
4833_02,False,0.13,0.87
4834_01,True,0.92,0.08
4835_01,False,0.08,0.92
4839_01,False,0.23,0.77
4843_01,False,0.09,0.91
4843_02,False,0.15,0.85
4844_01,False,0.3,0.7
4849_01,True,0.99,0.01
4852_01,True,0.95,0.05
4854_01,True,0.99,0.01
4855_01,True,0.87,0.13
4855_02,True,0.9,0.1
4858_01,False,0.18,0.82
4859_01,True,0.91,0.09
4860_01,False,0.23,0.77
4861_01,False,0.45,0.55
4865_01,False,0.12,0.88
4867_01,False,0.22,0.78
4869_01,False,0.09,0.91
4872_01,False,0.1,0.9
4877_01,False,0.24,0.76
4894_01,True,0.86,0.14
4905_01,True,0.81,0.19
4906_01,False,0.42,0.58
4907_01,True,0.89,0.11
4908_01,False,0.3,0.7
4914_01,False,0.25,0.75
4919_01,False,0.45,0.55
4921_01,False,0.01,0.99
4922_01,True,0.75,0.25
4926_01,False,0.23,0.77
4928_01,True,0.63,0.37
4931_01,True,0.65,0.35
4935_01,False,0.31,0.69
4935_02,True,0.85,0.15
4935_03,False,0.28,0.72
4936_01,False,0.16,0.84
4947_01,False,0.04,0.96
4948_01,False,0.15,0.85
4949_01,True,0.96,0.04
4949_02,False,0.02,0.98
4953_01,True,0.99,0.01
4955_01,False,0.08,0.92
4957_01,True,1.0,0.0
4959_01,True,0.99,0.01
4960_01,False,0.1,0.9
4962_01,True,0.63,0.37
4966_01,True,0.92,0.08
4966_02,True,0.86,0.14
4967_01,False,0.33,0.67
4968_01,True,0.6,0.4
4969_01,False,0.49,0.51
4969_02,False,0.41,0.59
4971_01,True,0.73,0.27
4976_01,True,0.51,0.49
4982_01,True,0.69,0.31
4984_01,False,0.36,0.64
4984_02,False,0.31,0.69
4985_01,True,0.99,0.01
4986_01,False,0.36,0.64
4988_01,True,1.0,0.0
4993_01,True,0.76,0.24
4994_01,False,0.09,0.91
5001_01,False,0.32,0.68
5002_01,True,0.87,0.13
5011_01,True,0.9,0.1
5022_01,False,0.36,0.64
5024_01,True,0.68,0.32
5024_02,False,0.31,0.69
5024_03,False,0.33,0.67
5024_04,False,0.22,0.78
5024_05,True,0.71,0.29
5026_01,False,0.48,0.52
5029_01,True,0.97,0.03
5029_02,True,1.0,0.0
5030_01,False,0.46,0.54
5031_01,False,0.09,0.91
5031_02,False,0.49,0.51
5033_01,False,0.42,0.58
5033_02,False,0.04,0.96
5037_01,True,0.71,0.29
5038_01,False,0.08,0.92
5038_02,True,1.0,0.0
5041_01,False,0.32,0.68
5043_01,True,0.95,0.05
5043_02,True,0.98,0.02
5043_03,True,0.62,0.38
5045_01,True,0.98,0.02
5046_01,True,0.93,0.07
5047_01,True,0.85,0.15
5049_01,False,0.26,0.74
5053_01,False,0.49,0.51
5054_01,False,0.05,0.95
5055_01,True,0.73,0.27
5056_01,True,0.69,0.31
5056_02,True,0.82,0.18
5066_01,True,0.77,0.23
5071_01,True,0.53,0.47
5075_01,False,0.46,0.54
5077_01,False,0.34,0.66
5078_01,False,0.13,0.87
5079_01,True,1.0,0.0
5081_01,False,0.43,0.57
5082_01,True,0.52,0.48
5086_01,True,1.0,0.0
5086_02,True,0.75,0.25
5092_01,False,0.49,0.51
5094_01,True,0.96,0.04
5094_02,False,0.44,0.56
5096_01,False,0.04,0.96
5096_02,False,0.35,0.65
5098_01,False,0.05,0.95
5098_02,True,0.91,0.09
5098_03,False,0.37,0.63
5099_01,False,0.21,0.79
5100_01,True,1.0,0.0
5101_01,True,0.85,0.15
5102_01,False,0.2,0.8
5107_01,False,0.14,0.86
5110_01,True,1.0,0.0
5113_01,False,0.02,0.98
5114_01,True,1.0,0.0
5117_01,False,0.47,0.53
5118_01,True,0.53,0.47
5119_01,False,0.46,0.54
5121_01,False,0.1,0.9
5123_01,False,0.17,0.83
5131_01,True,0.57,0.43
5131_02,True,1.0,0.0
5134_01,False,0.23,0.77
5135_01,False,0.04,0.96
5139_01,False,0.41,0.59
5141_01,True,0.93,0.07
5143_01,True,0.64,0.36
5147_01,False,0.33,0.67
5149_01,False,0.21,0.79
5149_02,True,1.0,0.0
5150_01,True,0.97,0.03
5153_01,True,0.89,0.11
5155_01,False,0.19,0.81
5159_01,True,0.52,0.48
5159_02,False,0.1,0.9
5164_01,True,0.98,0.02
5164_02,True,0.99,0.01
5168_01,False,0.14,0.86
5169_01,False,0.3,0.7
5172_01,False,0.32,0.68
5178_01,True,0.57,0.43
5183_01,True,0.64,0.36
5189_01,True,0.76,0.24
5191_01,False,0.09,0.91
5195_01,False,0.15,0.85
5200_01,False,0.14,0.86
5203_01,True,0.76,0.24
5203_02,True,1.0,0.0
5212_01,False,0.3,0.7
5215_01,False,0.03,0.97
5219_01,True,0.99,0.01
5219_02,False,0.49,0.51
5222_01,True,0.76,0.24
5228_01,False,0.19,0.81
5228_02,True,0.61,0.39
5231_01,False,0.21,0.79
5232_01,False,0.09,0.91
5232_02,False,0.02,0.98
5233_01,True,0.54,0.46
5237_01,True,1.0,0.0
5241_01,True,0.55,0.45
5241_02,True,0.98,0.02
5245_01,False,0.37,0.63
5259_01,False,0.11,0.89
5261_01,False,0.42,0.58
5263_01,False,0.27,0.73
5267_01,True,0.62,0.38
5267_02,True,0.92,0.08
5267_03,True,0.79,0.21
5270_01,True,0.86,0.14
5283_01,False,0.37,0.63
5284_01,True,0.99,0.01
5285_01,True,1.0,0.0
5286_01,False,0.07,0.93
5289_01,True,0.62,0.38
5293_01,False,0.05,0.95
5293_02,False,0.19,0.81
5294_01,False,0.44,0.56
5295_01,False,0.26,0.74
5296_01,False,0.18,0.82
5302_01,True,0.92,0.08
5306_01,False,0.39,0.61
5306_02,True,0.81,0.19
5308_01,True,0.59,0.41
5308_02,True,0.54,0.46
5308_03,False,0.15,0.85
5309_01,True,0.97,0.03
5311_01,True,0.59,0.41
5317_01,False,0.07,0.93
5317_02,True,0.86,0.14
5318_01,True,0.52,0.48
5318_02,True,0.77,0.23
5319_01,False,0.18,0.82
5321_01,False,0.4,0.6
5324_01,True,0.53,0.47
5328_01,True,0.99,0.01
5329_01,False,0.21,0.79
5329_02,True,0.73,0.27
5329_03,False,0.28,0.72
5329_04,False,0.5,0.5
5329_05,False,0.16,0.84
5329_06,True,0.58,0.42
5329_07,True,0.62,0.38
5332_01,True,0.58,0.42
5335_01,True,0.87,0.13
5335_02,True,0.99,0.01
5335_03,False,0.4,0.6
5335_04,True,0.79,0.21
5336_01,True,0.58,0.42
5338_01,True,0.64,0.36
5339_01,False,0.41,0.59
5339_02,True,0.96,0.04
5339_03,True,1.0,0.0
5342_01,False,0.26,0.74
5349_01,True,0.88,0.12
5352_01,True,0.91,0.09
5357_01,True,0.97,0.03
5357_02,True,1.0,0.0
5357_03,False,0.11,0.89
5357_04,False,0.14,0.86
5358_01,True,0.79,0.21
5364_01,True,0.77,0.23
5369_01,True,0.74,0.26
5369_02,False,0.25,0.75
5369_03,True,0.99,0.01
5370_01,False,0.37,0.63
5371_01,True,1.0,0.0
5371_02,False,0.3,0.7
5371_03,True,0.97,0.03
5371_04,True,0.99,0.01
5373_01,False,0.15,0.85
5376_01,True,1.0,0.0
5376_02,True,1.0,0.0
5377_01,True,1.0,0.0
5381_01,False,0.03,0.97
5382_01,True,0.96,0.04
5382_02,True,1.0,0.0
5386_01,True,0.92,0.08
5391_01,False,0.24,0.76
5393_01,False,0.09,0.91
5398_01,True,0.91,0.09
5399_01,False,0.2,0.8
5400_01,True,0.71,0.29
5403_01,False,0.32,0.68
5405_01,False,0.25,0.75
5407_01,True,0.62,0.38
5409_01,False,0.28,0.72
5417_01,False,0.14,0.86
5419_01,False,0.25,0.75
5426_01,True,0.62,0.38
5428_01,False,0.23,0.77
5428_02,True,0.84,0.16
5429_01,False,0.19,0.81
5432_01,True,0.78,0.22
5433_01,True,0.93,0.07
5439_01,False,0.2,0.8
5442_01,False,0.22,0.78
5444_01,False,0.37,0.63
5448_01,False,0.34,0.66
5449_01,False,0.35,0.65
5456_01,False,0.28,0.72
5460_01,False,0.46,0.54
5461_01,False,0.07,0.93
5464_01,False,0.24,0.76
5473_01,True,0.62,0.38
5473_02,False,0.33,0.67
5481_01,True,0.99,0.01
5482_01,False,0.38,0.62
5482_02,False,0.11,0.89
5486_01,True,0.83,0.17
5493_01,True,0.84,0.16
5495_01,True,0.98,0.02
5498_01,False,0.47,0.53
5498_02,True,0.59,0.41
5502_01,True,0.83,0.17
5503_01,False,0.26,0.74
5505_01,False,0.29,0.71
5505_02,False,0.5,0.5
5505_03,True,0.64,0.36
5513_01,True,0.97,0.03
5513_02,True,0.95,0.05
5513_03,False,0.13,0.87
5513_04,True,0.74,0.26
5516_01,False,0.41,0.59
5518_01,False,0.28,0.72
5519_01,False,0.24,0.76
5525_01,False,0.35,0.65
5532_01,True,0.7,0.3
5533_01,False,0.12,0.88
5534_01,True,0.55,0.45
5542_01,False,0.09,0.91
5547_01,True,0.92,0.08
5548_01,True,0.7,0.3
5549_01,True,1.0,0.0
5553_01,True,0.96,0.04
5553_02,False,0.5,0.5
5554_01,True,0.88,0.12
5558_01,False,0.08,0.92
5562_01,True,1.0,0.0
5562_02,True,1.0,0.0
5564_01,False,0.29,0.71
5565_01,False,0.14,0.86
5567_01,False,0.21,0.79
5570_01,True,0.84,0.16
5576_01,False,0.32,0.68
5577_01,True,0.88,0.12
5577_02,False,0.36,0.64
5577_03,True,0.95,0.05
5577_04,True,0.75,0.25
5577_05,True,0.93,0.07
5579_01,True,1.0,0.0
5584_01,True,0.96,0.04
5584_02,False,0.25,0.75
5588_01,False,0.27,0.73
5588_02,True,0.94,0.06
5588_03,True,1.0,0.0
5588_04,True,0.67,0.33
5588_05,True,0.95,0.05
5590_01,True,0.99,0.01
5593_01,False,0.25,0.75
5597_01,True,0.91,0.09
5600_01,True,0.97,0.03
5604_01,False,0.33,0.67
5605_01,False,0.19,0.81
5607_01,True,1.0,0.0
5612_01,True,0.64,0.36
5617_01,False,0.17,0.83
5620_01,True,0.56,0.44
5620_02,False,0.05,0.95
5621_01,False,0.09,0.91
5624_01,True,0.77,0.23
5630_01,True,0.62,0.38
5632_01,True,1.0,0.0
5633_01,False,0.26,0.74
5634_01,True,0.79,0.21
5635_01,False,0.26,0.74
5636_01,False,0.2,0.8
5638_01,True,0.89,0.11
5641_01,True,0.92,0.08
5649_01,True,1.0,0.0
5654_01,False,0.2,0.8
5656_01,True,0.6,0.4
5657_01,False,0.09,0.91
5658_01,False,0.09,0.91
5660_01,False,0.27,0.73
5664_01,False,0.28,0.72
5664_02,True,0.69,0.31
5664_03,True,0.76,0.24
5664_04,True,0.65,0.35
5665_01,False,0.35,0.65
5666_01,False,0.31,0.69
5668_01,True,1.0,0.0
5669_01,True,0.89,0.11
5670_01,True,0.72,0.28
5672_01,True,0.91,0.09
5675_01,True,0.75,0.25
5676_01,False,0.2,0.8
5678_01,True,0.92,0.08
5678_02,True,0.95,0.05
5682_01,True,0.83,0.17
5683_01,False,0.1,0.9
5690_01,False,0.1,0.9
5691_01,True,0.94,0.06
5694_01,True,1.0,0.0
5697_01,True,0.64,0.36
5699_01,True,0.52,0.48
5703_01,False,0.32,0.68
5708_01,True,0.84,0.16
5715_01,True,0.76,0.24
5715_02,True,0.86,0.14
5720_01,True,0.6,0.4
5720_02,False,0.44,0.56
5731_01,False,0.2,0.8
5731_02,True,0.72,0.28
5734_01,True,0.95,0.05
5734_02,False,0.25,0.75
5741_01,False,0.08,0.92
5743_01,False,0.19,0.81
5745_01,True,0.77,0.23
5749_01,False,0.33,0.67
5752_01,False,0.38,0.62
5753_01,False,0.19,0.81
5754_01,False,0.01,0.99
5759_01,True,0.88,0.12
5760_01,False,0.36,0.64
5762_01,False,0.11,0.89
5766_01,True,0.9,0.1
5770_01,True,0.95,0.05
5774_01,False,0.48,0.52
5775_01,True,0.94,0.06
5782_01,False,0.04,0.96
5782_02,False,0.12,0.88
5782_03,True,0.84,0.16
5782_04,True,0.77,0.23
5784_01,True,0.72,0.28
5787_01,False,0.47,0.53
5787_02,True,0.91,0.09
5787_03,True,0.72,0.28
5789_01,True,0.9,0.1
5789_02,True,0.85,0.15
5797_01,True,1.0,0.0
5798_01,False,0.08,0.92
5801_01,False,0.12,0.88
5803_01,True,0.93,0.07
5805_01,False,0.31,0.69
5807_01,False,0.1,0.9
5815_01,False,0.16,0.84
5815_02,False,0.02,0.98
5815_03,False,0.32,0.68
5815_04,False,0.04,0.96
5830_01,False,0.42,0.58
5832_01,False,0.15,0.85
5833_01,True,0.84,0.16
5838_01,True,0.57,0.43
5841_01,True,0.96,0.04
5841_02,True,0.82,0.18
5841_03,True,0.83,0.17
5845_01,True,0.67,0.33
5850_01,True,1.0,0.0
5851_01,False,0.13,0.87
5851_02,True,0.97,0.03
5853_01,False,0.18,0.82
5862_01,False,0.3,0.7
5864_01,False,0.46,0.54
5865_01,False,0.35,0.65
5866_01,True,0.64,0.36
5870_01,True,0.89,0.11
5872_01,True,0.87,0.13
5873_01,False,0.05,0.95
5873_02,True,0.54,0.46
5873_03,False,0.4,0.6
5881_01,True,1.0,0.0
5883_01,True,0.99,0.01
5884_01,False,0.45,0.55
5892_01,False,0.15,0.85
5893_01,False,0.23,0.77
5893_02,False,0.37,0.63
5895_01,False,0.1,0.9
5896_01,True,0.54,0.46
5899_01,False,0.19,0.81
5904_01,True,0.95,0.05
5904_02,False,0.18,0.82
5910_01,False,0.35,0.65
5911_01,True,0.73,0.27
5911_02,False,0.37,0.63
5911_03,False,0.13,0.87
5911_04,True,0.66,0.34
5911_05,True,0.57,0.43
5911_06,True,0.88,0.12
5914_01,True,0.91,0.09
5917_01,True,0.72,0.28
5918_01,True,0.77,0.23
5926_01,False,0.45,0.55
5929_01,True,0.6,0.4
5932_01,False,0.38,0.62
5935_01,False,0.27,0.73
5936_01,True,0.69,0.31
5936_02,True,1.0,0.0
5936_03,False,0.03,0.97
5936_04,True,0.86,0.14
5936_05,False,0.02,0.98
5937_01,True,0.84,0.16
5940_01,False,0.23,0.77
5942_01,True,1.0,0.0
5942_02,True,1.0,0.0
5943_01,False,0.19,0.81
5948_01,False,0.31,0.69
5958_01,True,0.51,0.49
5961_01,True,1.0,0.0
5961_02,True,1.0,0.0
5962_01,True,0.61,0.39
5964_01,True,1.0,0.0
5964_02,True,0.98,0.02
5966_01,True,0.9,0.1
5966_02,True,0.9,0.1
5978_01,False,0.08,0.92
5978_02,False,0.29,0.71
5979_01,True,1.0,0.0
5982_01,False,0.18,0.82
5996_01,True,0.78,0.22
5997_01,True,0.63,0.37
5997_02,True,0.93,0.07
6002_01,True,0.99,0.01
6005_01,True,0.7,0.3
6005_02,False,0.36,0.64
6005_03,True,0.75,0.25
6005_04,False,0.09,0.91
6005_05,True,0.88,0.12
6009_01,False,0.05,0.95
6009_02,False,0.17,0.83
6012_01,False,0.28,0.72
6013_01,True,0.54,0.46
6018_01,False,0.11,0.89
6021_01,True,0.85,0.15
6023_01,False,0.34,0.66
6037_01,True,0.67,0.33
6044_01,False,0.21,0.79
6044_02,True,0.66,0.34
6046_01,True,0.55,0.45
6050_01,True,0.95,0.05
6051_01,False,0.08,0.92
6051_02,False,0.27,0.73
6053_01,False,0.13,0.87
6056_01,False,0.11,0.89
6057_01,True,0.57,0.43
6060_01,False,0.42,0.58
6063_01,True,0.85,0.15
6072_01,False,0.36,0.64
6074_01,True,0.61,0.39
6074_02,True,0.99,0.01
6074_03,True,0.94,0.06
6078_01,True,0.62,0.38
6079_01,True,0.84,0.16
6081_01,True,0.87,0.13
6081_02,False,0.16,0.84
6081_03,True,0.91,0.09
6081_04,True,0.96,0.04
6083_01,False,0.22,0.78
6084_01,True,0.69,0.31
6088_01,True,0.79,0.21
6089_01,False,0.46,0.54
6093_01,True,0.71,0.29
6097_01,False,0.48,0.52
6100_01,True,0.53,0.47
6104_01,True,0.93,0.07
6113_01,False,0.3,0.7
6114_01,False,0.14,0.86
6119_01,True,0.93,0.07
6119_02,True,0.75,0.25
6119_03,True,0.92,0.08
6125_01,False,0.23,0.77
6129_01,False,0.18,0.82
6131_01,False,0.11,0.89
6134_01,True,0.61,0.39
6140_01,True,0.61,0.39
6142_01,False,0.29,0.71
6142_02,True,1.0,0.0
6144_01,True,0.83,0.17
6147_01,False,0.04,0.96
6151_01,False,0.06,0.94
6151_02,True,0.95,0.05
6154_01,True,0.91,0.09
6159_01,True,0.53,0.47
6160_01,False,0.44,0.56
6160_02,True,0.85,0.15
6161_01,True,0.65,0.35
6164_01,True,0.74,0.26
6165_01,True,0.83,0.17
6177_01,False,0.09,0.91
6183_01,False,0.31,0.69
6185_01,False,0.13,0.87
6187_01,True,0.93,0.07
6188_01,True,0.57,0.43
6190_01,True,0.83,0.17
6193_01,True,0.97,0.03
6193_02,True,0.95,0.05
6193_03,False,0.16,0.84
6193_04,False,0.49,0.51
6195_01,False,0.11,0.89
6196_01,True,1.0,0.0
6197_01,True,0.75,0.25
6198_01,False,0.31,0.69
6202_01,True,0.66,0.34
6203_01,False,0.2,0.8
6204_01,True,0.82,0.18
6209_01,False,0.05,0.95
6209_02,True,1.0,0.0
6210_01,True,0.91,0.09
6212_01,True,0.83,0.17
6214_01,True,0.68,0.32
6217_01,True,1.0,0.0
6217_02,False,0.09,0.91
6221_01,True,0.98,0.02
6226_01,False,0.15,0.85
6231_01,True,0.88,0.12
6231_02,True,0.94,0.06
6231_03,False,0.14,0.86
6233_01,False,0.5,0.5
6233_02,False,0.27,0.73
6233_03,True,0.98,0.02
6235_01,True,1.0,0.0
6240_01,True,0.8,0.2
6242_01,True,1.0,0.0
6244_01,False,0.22,0.78
6244_02,True,0.97,0.03
6247_01,False,0.17,0.83
6255_01,True,1.0,0.0
6257_01,True,0.97,0.03
6257_02,False,0.14,0.86
6257_03,True,0.88,0.12
6258_01,True,0.74,0.26
6259_01,True,0.59,0.41
6260_01,False,0.25,0.75
6260_02,False,0.16,0.84
6261_01,True,1.0,0.0
6261_02,True,1.0,0.0
6267_01,False,0.08,0.92
6267_02,True,0.55,0.45
6267_03,True,0.97,0.03
6267_04,True,1.0,0.0
6267_05,True,1.0,0.0
6267_06,True,1.0,0.0
6269_01,False,0.44,0.56
6269_02,False,0.15,0.85
6269_03,True,1.0,0.0
6272_01,False,0.47,0.53
6272_02,True,0.98,0.02
6275_01,True,0.65,0.35
6278_01,True,1.0,0.0
6278_02,True,0.96,0.04
6284_01,True,0.98,0.02
6286_01,False,0.14,0.86
6286_02,False,0.48,0.52
6287_01,False,0.17,0.83
6287_02,False,0.33,0.67
6288_01,True,1.0,0.0
6288_02,False,0.37,0.63
6288_03,True,1.0,0.0
6288_04,True,0.89,0.11
6291_01,False,0.05,0.95
6294_01,True,0.96,0.04
6295_01,True,1.0,0.0
6295_02,True,0.6,0.4
6298_01,True,0.95,0.05
6303_01,False,0.32,0.68
6306_01,True,0.85,0.15
6307_01,False,0.42,0.58
6310_01,False,0.26,0.74
6311_01,True,0.77,0.23
6312_01,True,0.65,0.35
6312_02,False,0.03,0.97
6314_01,False,0.02,0.98
6329_01,False,0.23,0.77
6332_01,True,0.85,0.15
6332_02,False,0.5,0.5
6332_03,True,0.94,0.06
6332_04,False,0.39,0.61
6332_05,False,0.25,0.75
6332_06,True,0.97,0.03
6332_07,True,0.57,0.43
6332_08,False,0.42,0.58
6333_01,False,0.1,0.9
6336_01,True,0.62,0.38
6337_01,True,0.78,0.22
6342_01,True,0.63,0.37
6342_02,False,0.25,0.75
6345_01,True,0.99,0.01
6345_02,True,0.99,0.01
6350_01,False,0.37,0.63
6352_01,True,1.0,0.0
6352_02,True,0.94,0.06
6358_01,True,0.76,0.24
6358_02,True,0.92,0.08
6359_01,False,0.4,0.6
6362_01,True,0.68,0.32
6364_01,True,0.8,0.2
6375_01,False,0.27,0.73
6377_01,True,0.95,0.05
6379_01,False,0.27,0.73
6382_01,False,0.32,0.68
6383_01,True,0.68,0.32
6383_02,True,0.7,0.3
6383_03,True,0.63,0.37
6384_01,False,0.43,0.57
6386_01,True,0.63,0.37
6387_01,False,0.45,0.55
6389_01,False,0.17,0.83
6391_01,True,0.95,0.05
6391_02,True,0.98,0.02
6392_01,True,0.92,0.08
6393_01,True,1.0,0.0
6395_01,True,0.64,0.36
6401_01,True,0.91,0.09
6401_02,False,0.03,0.97
6403_01,False,0.1,0.9
6410_01,False,0.38,0.62
6410_02,False,0.12,0.88
6417_01,True,0.97,0.03
6420_01,True,0.57,0.43
6423_01,False,0.11,0.89
6425_01,False,0.12,0.88
6425_02,True,0.98,0.02
6426_01,False,0.34,0.66
6427_01,True,0.9,0.1
6429_01,True,0.77,0.23
6435_01,False,0.23,0.77
6438_01,False,0.09,0.91
6440_01,True,0.97,0.03
6441_01,False,0.3,0.7
6445_01,False,0.27,0.73
6460_01,True,0.59,0.41
6465_01,True,0.72,0.28
6466_01,False,0.24,0.76
6467_01,False,0.2,0.8
6469_01,True,0.73,0.27
6474_01,False,0.21,0.79
6476_01,False,0.14,0.86
6479_01,True,0.91,0.09
6479_02,False,0.36,0.64
6483_01,True,0.95,0.05
6484_01,False,0.48,0.52
6486_01,True,0.99,0.01
6491_01,True,0.54,0.46
6491_02,False,0.1,0.9
6491_03,True,0.88,0.12
6495_01,False,0.06,0.94
6496_01,True,0.54,0.46
6496_02,False,0.47,0.53
6497_01,True,0.72,0.28
6498_01,True,0.81,0.19
6499_01,False,0.48,0.52
6499_02,False,0.27,0.73
6499_03,True,0.78,0.22
6499_04,True,0.76,0.24
6499_05,False,0.09,0.91
6499_06,True,0.97,0.03
6499_07,True,0.55,0.45
6499_08,True,0.9,0.1
6504_01,True,0.97,0.03
6504_02,True,0.52,0.48
6505_01,False,0.15,0.85
6506_01,False,0.11,0.89
6506_02,False,0.4,0.6
6507_01,True,0.53,0.47
6515_01,True,0.79,0.21
6516_01,True,0.98,0.02
6516_02,True,1.0,0.0
6518_01,True,1.0,0.0
6519_01,False,0.14,0.86
6521_01,False,0.22,0.78
6524_01,False,0.19,0.81
6527_01,True,0.98,0.02
6528_01,True,0.92,0.08
6532_01,False,0.31,0.69
6533_01,True,0.69,0.31
6533_02,False,0.21,0.79
6534_01,False,0.29,0.71
6536_01,False,0.4,0.6
6537_01,False,0.13,0.87
6538_01,False,0.22,0.78
6542_01,False,0.46,0.54
6543_01,True,0.81,0.19
6550_01,False,0.1,0.9
6551_01,True,0.72,0.28
6554_01,True,0.97,0.03
6555_01,True,0.68,0.32
6559_01,False,0.4,0.6
6559_02,True,0.66,0.34
6559_03,False,0.47,0.53
6564_01,True,0.53,0.47
6564_02,True,0.86,0.14
6566_01,False,0.16,0.84
6571_01,False,0.15,0.85
6575_01,True,1.0,0.0
6576_01,True,0.9,0.1
6577_01,True,0.52,0.48
6577_02,False,0.29,0.71
6577_03,True,0.96,0.04
6579_01,True,0.89,0.11
6581_01,False,0.34,0.66
6584_01,True,0.73,0.27
6586_01,False,0.21,0.79
6587_01,True,0.95,0.05
6589_01,True,1.0,0.0
6596_01,True,0.68,0.32
6596_02,False,0.05,0.95
6597_01,False,0.01,0.99
6600_01,True,0.95,0.05
6600_02,False,0.1,0.9
6605_01,True,0.92,0.08
6605_02,True,0.81,0.19
6607_01,False,0.32,0.68
6610_01,True,0.57,0.43
6612_01,False,0.44,0.56
6612_02,False,0.08,0.92
6612_03,False,0.07,0.93
6612_04,True,0.92,0.08
6612_05,True,0.63,0.37
6612_06,True,0.9,0.1
6615_01,True,0.82,0.18
6617_01,True,0.98,0.02
6617_02,True,0.99,0.01
6617_03,True,0.98,0.02
6619_01,False,0.04,0.96
6627_01,True,0.85,0.15
6629_01,True,0.82,0.18
6632_01,False,0.41,0.59
6636_01,True,0.92,0.08
6640_01,True,1.0,0.0
6644_01,False,0.13,0.87
6648_01,True,0.64,0.36
6651_01,False,0.4,0.6
6653_01,True,0.71,0.29
6657_01,True,0.66,0.34
6658_01,False,0.41,0.59
6658_02,False,0.39,0.61
6658_03,False,0.12,0.88
6661_01,True,0.54,0.46
6666_01,False,0.5,0.5
6677_01,True,0.72,0.28
6678_01,False,0.2,0.8
6678_02,True,0.98,0.02
6679_01,False,0.25,0.75
6682_01,True,0.8,0.2
6682_02,True,0.6,0.4
6685_01,False,0.31,0.69
6686_01,True,0.54,0.46
6687_01,False,0.25,0.75
6688_01,True,1.0,0.0
6689_01,False,0.21,0.79
6689_02,False,0.45,0.55
6690_01,True,0.92,0.08
6695_01,True,0.65,0.35
6696_01,True,0.59,0.41
6700_01,True,0.86,0.14
6700_02,False,0.05,0.95
6701_01,True,1.0,0.0
6703_01,False,0.03,0.97
6704_01,False,0.46,0.54
6705_01,False,0.4,0.6
6710_01,True,0.64,0.36
6712_01,False,0.25,0.75
6714_01,False,0.21,0.79
6715_01,False,0.28,0.72
6716_01,False,0.22,0.78
6717_01,True,1.0,0.0
6723_01,False,0.47,0.53
6728_01,True,1.0,0.0
6732_01,False,0.44,0.56
6733_01,True,0.6,0.4
6735_01,False,0.07,0.93
6737_01,False,0.27,0.73
6738_01,False,0.45,0.55
6738_02,True,0.98,0.02
6740_01,False,0.17,0.83
6743_01,True,0.91,0.09
6752_01,True,0.52,0.48
6752_02,False,0.2,0.8
6752_03,False,0.16,0.84
6755_01,False,0.08,0.92
6759_01,True,0.68,0.32
6767_01,False,0.11,0.89
6767_02,False,0.38,0.62
6768_01,False,0.16,0.84
6769_01,True,1.0,0.0
6770_01,True,1.0,0.0
6770_02,True,1.0,0.0
6770_03,True,1.0,0.0
6771_01,False,0.09,0.91
6772_01,True,0.62,0.38
6772_02,False,0.45,0.55
6777_01,True,1.0,0.0
6781_01,True,0.87,0.13
6783_01,True,0.84,0.16
6785_01,True,0.67,0.33
6790_01,False,0.08,0.92
6791_01,True,0.55,0.45
6793_01,True,0.81,0.19
6793_02,True,1.0,0.0
6795_01,False,0.3,0.7
6797_01,False,0.1,0.9
6803_01,False,0.5,0.5
6804_01,False,0.42,0.58
6807_01,True,0.67,0.33
6807_02,True,0.83,0.17
6809_01,False,0.19,0.81
6811_01,True,0.69,0.31
6812_01,False,0.09,0.91
6812_02,False,0.18,0.82
6815_01,False,0.31,0.69
6819_01,False,0.1,0.9
6819_02,True,0.97,0.03
6819_03,True,0.74,0.26
6823_01,True,0.9,0.1
6828_01,True,0.83,0.17
6830_01,True,0.97,0.03
6835_01,True,0.97,0.03
6835_02,False,0.46,0.54
6836_01,False,0.18,0.82
6838_01,False,0.46,0.54
6838_02,False,0.02,0.98
6838_03,False,0.22,0.78
6842_01,False,0.28,0.72
6845_01,True,1.0,0.0
6846_01,False,0.12,0.88
6847_01,False,0.12,0.88
6849_01,False,0.05,0.95
6852_01,False,0.38,0.62
6852_02,False,0.08,0.92
6855_01,True,0.59,0.41
6856_01,False,0.09,0.91
6860_01,False,0.16,0.84
6867_01,False,0.48,0.52
6870_01,False,0.17,0.83
6872_01,True,0.64,0.36
6874_01,True,0.89,0.11
6875_01,True,0.57,0.43
6875_02,False,0.29,0.71
6875_03,True,0.75,0.25
6876_01,True,0.66,0.34
6876_02,False,0.38,0.62
6876_03,True,0.78,0.22
6877_01,False,0.42,0.58
6878_01,True,0.83,0.17
6881_01,True,0.52,0.48
6884_01,True,0.93,0.07
6886_01,True,0.99,0.01
6888_01,False,0.4,0.6
6888_02,True,0.94,0.06
6888_03,True,0.84,0.16
6888_04,False,0.23,0.77
6890_01,False,0.26,0.74
6897_01,False,0.32,0.68
6904_01,True,0.93,0.07
6904_02,True,0.64,0.36
6904_03,True,0.58,0.42
6909_01,True,1.0,0.0
6914_01,True,0.8,0.2
6916_01,True,1.0,0.0
6919_01,True,0.81,0.19
6922_01,True,0.89,0.11
6923_01,True,0.77,0.23
6927_01,False,0.07,0.93
6933_01,True,1.0,0.0
6933_02,True,0.73,0.27
6935_01,False,0.33,0.67
6936_01,False,0.2,0.8
6936_02,False,0.2,0.8
6936_03,True,0.95,0.05
6938_01,True,0.78,0.22
6941_01,True,0.93,0.07
6942_01,True,0.89,0.11
6948_01,True,0.53,0.47
6952_01,True,0.77,0.23
6953_01,True,0.58,0.42
6955_01,False,0.33,0.67
6956_01,False,0.38,0.62
6958_01,True,0.54,0.46
6959_01,False,0.05,0.95
6959_02,True,0.76,0.24
6959_03,True,0.85,0.15
6961_01,False,0.29,0.71
6961_02,False,0.26,0.74
6965_01,True,0.86,0.14
6969_01,False,0.13,0.87
6974_01,False,0.14,0.86
6975_01,False,0.07,0.93
6983_01,True,0.68,0.32
6983_02,False,0.09,0.91
6986_01,True,0.87,0.13
6986_02,False,0.14,0.86
6986_03,True,0.85,0.15
6986_04,True,0.89,0.11
6986_05,True,0.64,0.36
6986_06,True,0.63,0.37
6986_07,True,0.51,0.49
6986_08,True,0.87,0.13
6989_01,True,0.93,0.07
6993_01,False,0.14,0.86
7000_01,True,0.91,0.09
7003_01,False,0.33,0.67
7009_01,False,0.2,0.8
7009_02,False,0.12,0.88
7012_01,True,0.68,0.32
7023_01,False,0.08,0.92
7024_01,True,0.98,0.02
7030_01,False,0.11,0.89
7033_01,True,0.53,0.47
7035_01,True,0.7,0.3
7043_01,True,0.57,0.43
7046_01,False,0.07,0.93
7046_02,False,0.1,0.9
7046_03,False,0.09,0.91
7054_01,True,0.92,0.08
7054_02,True,1.0,0.0
7055_01,True,0.91,0.09
7063_01,True,0.56,0.44
7063_02,False,0.09,0.91
7064_01,True,0.79,0.21
7065_01,True,0.92,0.08
7066_01,False,0.21,0.79
7066_02,True,0.78,0.22
7067_01,True,0.65,0.35
7067_02,True,0.94,0.06
7067_03,False,0.09,0.91
7070_01,True,0.73,0.27
7075_01,False,0.25,0.75
7076_01,True,0.53,0.47
7081_01,True,0.87,0.13
7081_02,True,1.0,0.0
7100_01,True,0.95,0.05
7100_02,False,0.14,0.86
7101_01,False,0.28,0.72
7101_02,False,0.17,0.83
7102_01,True,1.0,0.0
7103_01,False,0.27,0.73
7103_02,True,0.9,0.1
7107_01,True,0.72,0.28
7108_01,False,0.1,0.9
7112_01,True,0.74,0.26
7115_01,False,0.48,0.52
7122_01,True,0.55,0.45
7123_01,False,0.28,0.72
7124_01,True,0.95,0.05
7124_02,True,0.99,0.01
7124_03,False,0.49,0.51
7125_01,True,1.0,0.0
7129_01,True,0.58,0.42
7130_01,True,0.73,0.27
7130_02,True,0.85,0.15
7130_03,False,0.48,0.52
7130_04,False,0.24,0.76
7130_05,True,0.86,0.14
7130_06,True,0.85,0.15
7130_07,False,0.04,0.96
7131_01,True,0.64,0.36
7135_01,True,0.86,0.14
7135_02,True,0.76,0.24
7135_03,True,0.73,0.27
7135_04,True,0.94,0.06
7136_01,True,0.84,0.16
7138_01,False,0.03,0.97
7139_01,False,0.09,0.91
7141_01,False,0.45,0.55
7145_01,False,0.28,0.72
7146_01,False,0.18,0.82
7147_01,True,1.0,0.0
7150_01,True,0.51,0.49
7150_02,True,0.93,0.07
7153_01,False,0.25,0.75
7154_01,False,0.15,0.85
7158_01,False,0.12,0.88
7163_01,True,1.0,0.0
7163_02,True,1.0,0.0
7163_03,False,0.02,0.98
7164_01,False,0.13,0.87
7169_01,True,0.83,0.17
7172_01,False,0.15,0.85
7172_02,False,0.28,0.72
7174_01,False,0.21,0.79
7178_01,False,0.29,0.71
7183_01,True,0.88,0.12
7185_01,True,1.0,0.0
7195_01,True,0.93,0.07
7196_01,True,0.76,0.24
7198_01,True,0.57,0.43
7201_01,False,0.3,0.7
7204_01,False,0.11,0.89
7209_01,True,0.59,0.41
7209_02,True,0.96,0.04
7211_01,False,0.19,0.81
7212_01,True,0.69,0.31
7213_01,True,0.94,0.06
7220_01,False,0.1,0.9
7222_01,True,0.63,0.37
7223_01,True,0.87,0.13
7228_01,True,0.93,0.07
7231_01,False,0.14,0.86
7237_01,True,0.73,0.27
7239_01,True,0.91,0.09
7241_01,True,0.93,0.07
7241_02,False,0.08,0.92
7243_01,True,0.78,0.22
7243_02,True,0.93,0.07
7243_03,True,0.78,0.22
7243_04,False,0.35,0.65
7243_05,True,0.92,0.08
7244_01,True,0.73,0.27
7245_01,True,0.9,0.1
7248_01,False,0.21,0.79
7248_02,False,0.5,0.5
7251_01,True,0.89,0.11
7254_01,False,0.2,0.8
7262_01,False,0.23,0.77
7263_01,False,0.44,0.56
7264_01,False,0.25,0.75
7265_01,False,0.43,0.57
7266_01,False,0.11,0.89
7266_02,True,0.82,0.18
7266_03,False,0.34,0.66
7269_01,False,0.42,0.58
7269_02,True,0.75,0.25
7272_01,True,0.84,0.16
7275_01,True,0.64,0.36
7281_01,True,0.59,0.41
7282_01,True,0.74,0.26
7286_01,False,0.27,0.73
7287_01,True,1.0,0.0
7288_01,False,0.4,0.6
7291_01,True,0.69,0.31
7293_01,True,0.69,0.31
7294_01,False,0.2,0.8
7295_01,True,0.59,0.41
7295_02,False,0.49,0.51
7299_01,True,0.64,0.36
7308_01,True,1.0,0.0
7312_01,False,0.5,0.5
7315_01,True,0.91,0.09
7316_01,True,0.65,0.35
7317_01,False,0.17,0.83
7318_01,False,0.12,0.88
7319_01,False,0.41,0.59
7319_02,True,0.79,0.21
7319_03,True,0.82,0.18
7325_01,False,0.32,0.68
7329_01,True,0.58,0.42
7329_02,True,0.74,0.26
7329_03,True,0.93,0.07
7333_01,False,0.34,0.66
7335_01,True,0.9,0.1
7345_01,False,0.13,0.87
7348_01,False,0.04,0.96
7348_02,True,0.9,0.1
7348_03,True,0.97,0.03
7349_01,False,0.13,0.87
7352_01,False,0.19,0.81
7354_01,True,0.56,0.44
7354_02,True,0.97,0.03
7354_03,True,0.98,0.02
7354_04,False,0.08,0.92
7354_05,True,0.99,0.01
7354_06,False,0.45,0.55
7355_01,False,0.18,0.82
7357_01,True,0.96,0.04
7362_01,False,0.07,0.93
7363_01,True,0.86,0.14
7364_01,True,0.54,0.46
7368_01,True,0.98,0.02
7369_01,False,0.09,0.91
7373_01,True,1.0,0.0
7373_02,True,0.99,0.01
7375_01,True,0.7,0.3
7378_01,False,0.18,0.82
7380_01,False,0.4,0.6
7380_02,True,1.0,0.0
7380_03,False,0.12,0.88
7380_04,True,0.96,0.04
7381_01,True,0.98,0.02
7382_01,True,0.88,0.12
7383_01,True,0.94,0.06
7383_02,False,0.16,0.84
7384_01,False,0.2,0.8
7386_01,True,0.83,0.17
7389_01,False,0.45,0.55
7397_01,False,0.38,0.62
7400_01,False,0.22,0.78
7404_01,True,0.6,0.4
7407_01,True,0.61,0.39
7409_01,False,0.07,0.93
7409_02,True,0.54,0.46
7412_01,True,0.99,0.01
7413_01,True,0.87,0.13
7413_02,True,0.87,0.13
7414_01,False,0.19,0.81
7415_01,False,0.16,0.84
7417_01,False,0.24,0.76
7417_02,False,0.21,0.79
7420_01,False,0.13,0.87
7421_01,True,0.99,0.01
7421_02,True,0.9,0.1
7423_01,False,0.06,0.94
7423_02,True,0.73,0.27
7424_01,False,0.06,0.94
7426_01,True,0.97,0.03
7426_02,True,0.97,0.03
7426_03,True,1.0,0.0
7433_01,True,0.65,0.35
7434_01,False,0.27,0.73
7439_01,False,0.07,0.93
7439_02,True,1.0,0.0
7440_01,False,0.17,0.83
7441_01,True,1.0,0.0
7443_01,True,0.94,0.06
7451_01,True,0.54,0.46
7454_01,False,0.16,0.84
7463_01,False,0.09,0.91
7465_01,True,0.67,0.33
7466_01,False,0.06,0.94
7467_01,False,0.18,0.82
7468_01,True,0.52,0.48
7469_01,False,0.14,0.86
7470_01,True,0.8725,0.1275
7471_01,True,0.78,0.22
7471_02,False,0.11,0.89
7473_01,False,0.22,0.78
7473_02,True,0.51,0.49
7474_01,True,0.86,0.14
7476_01,True,0.81,0.19
7480_01,False,0.29,0.71
7482_01,True,0.6,0.4
7482_02,False,0.31,0.69
7489_01,True,0.63,0.37
7489_02,False,0.16,0.84
7489_03,False,0.15,0.85
7491_01,True,0.91,0.09
7493_01,True,0.83,0.17
7497_01,True,0.9,0.1
7511_01,True,0.63,0.37
7516_01,True,0.81,0.19
7519_01,False,0.17,0.83
7526_01,True,1.0,0.0
7528_01,True,0.89,0.11
7528_02,True,0.85,0.15
7528_03,False,0.14,0.86
7528_04,True,0.96,0.04
7530_01,True,1.0,0.0
7530_02,False,0.05,0.95
7530_03,False,0.1,0.9
7530_04,False,0.07,0.93
7532_01,True,0.88,0.12
7537_01,True,0.98,0.02
7539_01,True,1.0,0.0
7539_02,True,0.78,0.22
7540_01,False,0.27,0.73
7541_01,True,0.85,0.15
7541_02,True,0.77,0.23
7541_03,True,0.98,0.02
7546_01,True,0.99,0.01
7547_01,True,0.71,0.29
7548_01,False,0.46,0.54
7551_01,True,0.63,0.37
7554_01,True,0.67,0.33
7555_01,False,0.27,0.73
7556_01,True,1.0,0.0
7556_02,True,0.99,0.01
7556_03,False,0.39,0.61
7556_04,True,1.0,0.0
7557_01,False,0.11,0.89
7557_02,True,0.9,0.1
7557_03,False,0.1,0.9
7558_01,False,0.28,0.72
7558_02,True,0.82,0.18
7562_01,False,0.35,0.65
7564_01,False,0.05,0.95
7566_01,True,0.56,0.44
7570_01,True,0.52,0.48
7570_02,False,0.4,0.6
7571_01,False,0.15,0.85
7575_01,False,0.27,0.73
7581_01,True,0.52,0.48
7582_01,True,0.8725,0.1275
7582_02,False,0.44,0.56
7582_03,False,0.33,0.67
7582_04,True,0.54,0.46
7582_05,True,0.73,0.27
7587_01,True,0.76,0.24
7589_01,True,0.98,0.02
7590_01,True,0.67,0.33
7591_01,True,0.72,0.28
7591_02,True,0.72,0.28
7593_01,True,1.0,0.0
7597_01,True,0.92,0.08
7597_02,True,0.66,0.34
7597_03,False,0.24,0.76
7597_04,True,0.75,0.25
7597_05,False,0.28,0.72
7597_06,True,0.61,0.39
7597_07,False,0.35,0.65
7600_01,True,0.57,0.43
7600_02,False,0.28,0.72
7602_01,True,1.0,0.0
7603_01,True,0.81,0.19
7607_01,False,0.36,0.64
7610_01,True,0.9,0.1
7610_02,True,0.52,0.48
7611_01,False,0.08,0.92
7611_02,False,0.31,0.69
7612_01,False,0.05,0.95
7612_02,True,0.83,0.17
7613_01,True,1.0,0.0
7615_01,False,0.02,0.98
7617_01,False,0.32,0.68
7619_01,True,0.93,0.07
7629_01,False,0.41,0.59
7629_02,False,0.49,0.51
7629_03,True,0.87,0.13
7636_01,False,0.3,0.7
7637_01,True,0.97,0.03
7637_02,False,0.07,0.93
7637_03,True,0.97,0.03
7638_01,True,0.93,0.07
7642_01,True,0.57,0.43
7645_01,True,0.99,0.01
7648_01,True,0.76,0.24
7651_01,False,0.19,0.81
7653_01,False,0.09,0.91
7654_01,True,0.95,0.05
7655_01,True,0.7,0.3
7657_01,False,0.25,0.75
7658_01,True,0.73,0.27
7659_01,False,0.32,0.68
7662_01,True,0.69,0.31
7663_01,True,0.86,0.14
7664_01,False,0.1,0.9
7668_01,True,0.52,0.48
7672_01,False,0.03,0.97
7673_01,False,0.48,0.52
7674_01,False,0.41,0.59
7675_01,False,0.28,0.72
7681_01,True,0.98,0.02
7685_01,True,0.83,0.17
7686_01,True,0.97,0.03
7695_01,True,0.54,0.46
7701_01,False,0.13,0.87
7704_01,True,0.86,0.14
7706_01,True,0.81,0.19
7718_01,True,1.0,0.0
7722_01,False,0.43,0.57
7725_01,True,1.0,0.0
7726_01,True,0.91,0.09
7730_01,False,0.24,0.76
7732_01,False,0.21,0.79
7733_01,False,0.09,0.91
7734_01,True,0.68,0.32
7735_01,False,0.11,0.89
7737_01,True,0.9,0.1
7740_01,True,0.59,0.41
7740_02,False,0.48,0.52
7745_01,True,0.71,0.29
7750_01,False,0.28,0.72
7756_01,True,0.74,0.26
7758_01,False,0.1,0.9
7759_01,True,0.66,0.34
7762_01,False,0.36,0.64
7765_01,True,0.73,0.27
7765_02,True,0.93,0.07
7765_03,True,0.75,0.25
7766_01,False,0.32,0.68
7772_01,True,0.6,0.4
7779_01,True,0.63,0.37
7781_01,False,0.2,0.8
7792_01,True,0.97,0.03
7792_02,True,1.0,0.0
7792_03,True,1.0,0.0
7792_04,False,0.21,0.79
7792_05,True,1.0,0.0
7794_01,False,0.16,0.84
7795_01,False,0.13,0.87
7795_02,True,0.65,0.35
7796_01,False,0.25,0.75
7798_01,False,0.39,0.61
7798_02,True,0.9,0.1
7799_01,True,0.6,0.4
7804_01,False,0.05,0.95
7807_01,True,0.94,0.06
7811_01,True,0.97,0.03
7814_01,True,0.62,0.38
7817_01,False,0.24,0.76
7819_01,True,0.93,0.07
7822_01,False,0.24,0.76
7823_01,True,0.95,0.05
7825_01,False,0.04,0.96
7825_02,True,0.93,0.07
7825_03,False,0.15,0.85
7826_01,True,1.0,0.0
7827_01,True,1.0,0.0
7836_01,False,0.3,0.7
7838_01,True,0.98,0.02
7844_01,False,0.42,0.58
7846_01,False,0.11,0.89
7846_02,True,0.98,0.02
7854_01,True,0.81,0.19
7855_01,False,0.31,0.69
7857_01,True,0.62,0.38
7860_01,False,0.3,0.7
7862_01,True,0.87,0.13
7867_01,False,0.23,0.77
7869_01,False,0.06,0.94
7874_01,False,0.11,0.89
7874_02,True,0.77,0.23
7876_01,True,0.53,0.47
7880_01,True,0.97,0.03
7880_02,False,0.08,0.92
7887_01,True,0.75,0.25
7893_01,True,0.96,0.04
7893_02,True,1.0,0.0
7893_03,True,0.98,0.02
7893_04,True,0.99,0.01
7893_05,True,0.97,0.03
7896_01,True,0.55,0.45
7898_01,False,0.28,0.72
7900_01,False,0.44,0.56
7906_01,False,0.06,0.94
7909_01,False,0.22,0.78
7909_02,False,0.25,0.75
7911_01,True,0.93,0.07
7912_01,False,0.35,0.65
7915_01,True,0.96,0.04
7915_02,False,0.27,0.73
7915_03,True,0.98,0.02
7917_01,True,0.82,0.18
7921_01,True,0.66,0.34
7921_02,False,0.13,0.87
7923_01,True,0.68,0.32
7925_01,True,0.69,0.31
7927_01,True,0.73,0.27
7927_02,True,0.91,0.09
7927_03,False,0.27,0.73
7928_01,False,0.27,0.73
7931_01,False,0.4,0.6
7932_01,True,0.52,0.48
7933_01,True,0.72,0.28
7934_01,True,0.95,0.05
7934_02,True,0.84,0.16
7934_03,True,0.98,0.02
7938_01,False,0.28,0.72
7942_01,False,0.19,0.81
7942_02,True,0.63,0.37
7948_01,False,0.13,0.87
7951_01,True,1.0,0.0
7953_01,False,0.18,0.82
7956_01,True,0.66,0.34
7959_01,True,0.59,0.41
7961_01,False,0.38,0.62
7963_01,True,0.77,0.23
7963_02,False,0.5,0.5
7963_03,True,0.76,0.24
7964_01,False,0.37,0.63
7965_01,True,0.93,0.07
7966_01,False,0.27,0.73
7969_01,True,0.86,0.14
7971_01,True,1.0,0.0
7971_02,False,0.07,0.93
7975_01,False,0.37,0.63
7977_01,True,0.57,0.43
7978_01,False,0.33,0.67
7978_02,False,0.18,0.82
7979_01,False,0.2,0.8
7980_01,False,0.09,0.91
7991_01,False,0.05,0.95
7991_02,False,0.41,0.59
7991_03,True,1.0,0.0
7991_04,True,0.98,0.02
7992_01,True,0.66,0.34
7997_01,True,0.98,0.02
7998_01,True,0.81,0.19
7998_02,True,1.0,0.0
7998_03,True,1.0,0.0
7998_04,True,1.0,0.0
8001_01,False,0.19,0.81
8002_01,False,0.05,0.95
8008_01,False,0.11,0.89
8009_01,True,0.56,0.44
8011_01,True,0.97,0.03
8013_01,True,0.83,0.17
8017_01,False,0.18,0.82
8022_01,True,0.56,0.44
8028_01,False,0.17,0.83
8033_01,False,0.14,0.86
8039_01,True,0.96,0.04
8039_02,True,1.0,0.0
8040_01,True,0.92,0.08
8041_01,False,0.09,0.91
8041_02,True,1.0,0.0
8044_01,True,0.99,0.01
8045_01,False,0.23,0.77
8047_01,True,1.0,0.0
8048_01,True,0.89,0.11
8051_01,True,0.96,0.04
8051_02,True,0.84,0.16
8061_01,False,0.25,0.75
8061_02,True,0.72,0.28
8062_01,False,0.02,0.98
8065_01,False,0.03,0.97
8070_01,False,0.2,0.8
8073_01,True,0.75,0.25
8074_01,False,0.31,0.69
8080_01,True,0.96,0.04
8090_01,True,0.91,0.09
8093_01,False,0.21,0.79
8095_01,True,0.51,0.49
8096_01,True,0.74,0.26
8099_01,True,0.96,0.04
8100_01,True,0.76,0.24
8101_01,False,0.05,0.95
8104_01,True,0.64,0.36
8109_01,False,0.47,0.53
8110_01,False,0.06,0.94
8111_01,True,0.84,0.16
8113_01,True,0.8,0.2
8113_02,True,0.84,0.16
8113_03,True,0.72,0.28
8113_04,False,0.24,0.76
8114_01,True,0.84,0.16
8125_01,True,1.0,0.0
8125_02,True,0.9,0.1
8126_01,False,0.27,0.73
8127_01,False,0.42,0.58
8132_01,False,0.29,0.71
8134_01,True,0.7,0.3
8142_01,True,1.0,0.0
8145_01,False,0.43,0.57
8146_01,True,0.98,0.02
8151_01,False,0.27,0.73
8154_01,True,0.71,0.29
8155_01,True,0.88,0.12
8160_01,False,0.35,0.65
8163_01,True,0.98,0.02
8166_01,True,0.54,0.46
8169_01,True,0.57,0.43
8170_01,True,1.0,0.0
8172_01,False,0.16,0.84
8174_01,False,0.31,0.69
8179_01,True,1.0,0.0
8180_01,False,0.03,0.97
8181_01,False,0.13,0.87
8181_02,False,0.12,0.88
8181_03,True,0.81,0.19
8183_01,False,0.35,0.65
8184_01,False,0.14,0.86
8185_01,False,0.26,0.74
8187_01,False,0.16,0.84
8188_01,False,0.23,0.77
8193_01,True,0.98,0.02
8195_01,True,0.98,0.02
8196_01,False,0.11,0.89
8196_02,True,0.52,0.48
8198_01,True,0.76,0.24
8201_01,True,1.0,0.0
8206_01,False,0.24,0.76
8215_01,True,0.87,0.13
8223_01,True,0.81,0.19
8228_01,False,0.13,0.87
8230_01,False,0.19,0.81
8234_01,False,0.13,0.87
8236_01,True,0.97,0.03
8240_01,True,0.93,0.07
8241_01,True,0.51,0.49
8245_01,True,0.9,0.1
8245_02,True,0.72,0.28
8246_01,True,0.99,0.01
8249_01,False,0.24,0.76
8250_01,True,0.92,0.08
8253_01,False,0.25,0.75
8256_01,False,0.31,0.69
8258_01,False,0.05,0.95
8262_01,True,0.51,0.49
8263_01,False,0.09,0.91
8269_01,True,0.53,0.47
8274_01,True,0.71,0.29
8278_01,True,0.72,0.28
8283_01,True,1.0,0.0
8284_01,True,0.86,0.14
8284_02,True,0.77,0.23
8285_01,False,0.32,0.68
8286_01,True,0.95,0.05
8290_01,False,0.17,0.83
8293_01,False,0.09,0.91
8296_01,False,0.16,0.84
8299_01,False,0.2,0.8
8304_01,False,0.06,0.94
8304_02,True,0.84,0.16
8304_03,True,0.63,0.37
8305_01,True,1.0,0.0
8305_02,True,1.0,0.0
8305_03,True,0.99,0.01
8308_01,False,0.11,0.89
8309_01,False,0.29,0.71
8311_01,False,0.18,0.82
8312_01,True,0.65,0.35
8325_01,True,0.61,0.39
8325_02,False,0.3,0.7
8327_01,False,0.12,0.88
8331_01,True,0.7,0.3
8337_01,False,0.28,0.72
8340_01,False,0.3,0.7
8340_02,True,0.73,0.27
8340_03,False,0.15,0.85
8347_01,True,0.75,0.25
8349_01,False,0.35,0.65
8350_01,False,0.15,0.85
8351_01,False,0.22,0.78
8352_01,False,0.21,0.79
8353_01,False,0.11,0.89
8355_01,True,1.0,0.0
8357_01,True,0.85,0.15
8357_02,True,1.0,0.0
8358_01,False,0.34,0.66
8359_01,False,0.17,0.83
8361_01,False,0.07,0.93
8361_02,False,0.15,0.85
8361_03,True,0.99,0.01
8361_04,True,1.0,0.0
8361_05,True,0.85,0.15
8364_01,True,0.94,0.06
8367_01,False,0.44,0.56
8370_01,True,0.98,0.02
8370_02,False,0.22,0.78
8372_01,True,0.88,0.12
8385_01,False,0.05,0.95
8385_02,False,0.05,0.95
8385_03,True,0.92,0.08
8387_01,True,0.79,0.21
8389_01,True,0.98,0.02
8391_01,True,0.53,0.47
8396_01,False,0.19,0.81
8399_01,False,0.31,0.69
8400_01,False,0.44,0.56
8400_02,True,0.74,0.26
8400_03,False,0.06,0.94
8402_01,True,0.94,0.06
8402_02,True,0.96,0.04
8402_03,True,0.96,0.04
8408_01,False,0.49,0.51
8408_02,True,0.9,0.1
8412_01,True,0.79,0.21
8413_01,True,0.92,0.08
8415_01,False,0.14,0.86
8417_01,True,0.53,0.47
8422_01,False,0.22,0.78
8424_01,False,0.27,0.73
8425_01,True,0.92,0.08
8425_02,True,0.85,0.15
8426_01,True,0.6,0.4
8426_02,False,0.09,0.91
8428_01,True,0.66,0.34
8434_01,True,1.0,0.0
8435_01,False,0.31,0.69
8436_01,False,0.21,0.79
8439_01,True,0.9,0.1
8440_01,False,0.32,0.68
8440_02,True,0.86,0.14
8440_03,True,0.52,0.48
8443_01,True,1.0,0.0
8443_02,False,0.16,0.84
8445_01,True,0.65,0.35
8445_02,True,0.87,0.13
8445_03,True,0.81,0.19
8446_01,False,0.24,0.76
8450_01,True,0.66,0.34
8450_02,False,0.26,0.74
8450_03,True,0.52,0.48
8453_01,True,0.73,0.27
8455_01,False,0.13,0.87
8461_01,False,0.25,0.75
8464_01,False,0.09,0.91
8464_02,False,0.3,0.7
8473_01,False,0.24,0.76
8473_02,False,0.07,0.93
8478_01,True,0.8725,0.1275
8478_02,False,0.19,0.81
8484_01,False,0.11,0.89
8485_01,True,0.72,0.28
8488_01,True,0.65,0.35
8490_01,False,0.04,0.96
8496_01,False,0.27,0.73
8497_01,False,0.31,0.69
8498_01,False,0.43,0.57
8499_01,True,0.75,0.25
8501_01,True,0.77,0.23
8505_01,False,0.08,0.92
8507_01,True,0.52,0.48
8510_01,False,0.31,0.69
8510_02,True,0.73,0.27
8513_01,False,0.09,0.91
8515_01,False,0.21,0.79
8517_01,False,0.21,0.79
8517_02,True,0.94,0.06
8518_01,True,0.91,0.09
8519_01,True,0.61,0.39
8520_01,False,0.21,0.79
8520_02,False,0.31,0.69
8525_01,True,0.84,0.16
8525_02,True,0.93,0.07
8526_01,False,0.12,0.88
8526_02,True,0.84,0.16
8527_01,True,0.95,0.05
8529_01,False,0.15,0.85
8531_01,True,0.92,0.08
8532_01,False,0.33,0.67
8533_01,True,0.89,0.11
8534_01,False,0.46,0.54
8534_02,True,0.61,0.39
8534_03,True,0.65,0.35
8534_04,False,0.4,0.6
8538_01,False,0.04,0.96
8543_01,True,0.76,0.24
8543_02,True,0.64,0.36
8543_03,True,0.77,0.23
8543_04,False,0.19,0.81
8543_05,False,0.32,0.68
8543_06,False,0.06,0.94
8543_07,True,0.63,0.37
8543_08,False,0.19,0.81
8546_01,True,0.95,0.05
8547_01,False,0.1,0.9
8550_01,False,0.19,0.81
8553_01,False,0.31,0.69
8555_01,True,0.9,0.1
8555_02,True,0.57,0.43
8555_03,True,0.84,0.16
8558_01,True,0.72,0.28
8562_01,False,0.31,0.69
8563_01,False,0.08,0.92
8564_01,False,0.11,0.89
8565_01,False,0.44,0.56
8565_02,True,0.83,0.17
8565_03,False,0.17,0.83
8567_01,False,0.08,0.92
8567_02,False,0.08,0.92
8567_03,False,0.08,0.92
8568_01,True,0.96,0.04
8568_02,True,1.0,0.0
8575_01,False,0.43,0.57
8576_01,True,0.88,0.12
8578_01,False,0.19,0.81
8579_01,True,1.0,0.0
8582_01,True,0.9,0.1
8583_01,False,0.46,0.54
8583_02,True,0.91,0.09
8590_01,False,0.2,0.8
8591_01,True,0.56,0.44
8593_01,False,0.1,0.9
8600_01,True,0.91,0.09
8601_01,False,0.3,0.7
8608_01,True,0.97,0.03
8621_01,True,0.83,0.17
8622_01,False,0.1,0.9
8625_01,False,0.2,0.8
8627_01,False,0.11,0.89
8630_01,False,0.49,0.51
8632_01,True,0.86,0.14
8632_02,True,0.85,0.15
8647_01,True,0.73,0.27
8648_01,True,0.81,0.19
8648_02,False,0.1,0.9
8648_03,True,0.89,0.11
8649_01,False,0.05,0.95
8651_01,False,0.19,0.81
8652_01,False,0.18,0.82
8655_01,False,0.2,0.8
8660_01,True,0.74,0.26
8662_01,True,0.68,0.32
8665_01,True,0.9,0.1
8666_01,True,0.78,0.22
8676_01,True,0.77,0.23
8677_01,False,0.14,0.86
8677_02,True,0.87,0.13
8677_03,True,0.94,0.06
8678_01,True,0.77,0.23
8678_02,False,0.35,0.65
8679_01,True,0.91,0.09
8682_01,False,0.23,0.77
8686_01,True,0.9,0.1
8689_01,True,0.85,0.15
8690_01,False,0.15,0.85
8690_02,True,0.84,0.16
8692_01,True,1.0,0.0
8692_02,False,0.04,0.96
8692_03,True,0.76,0.24
8697_01,True,0.62,0.38
8698_01,True,0.58,0.42
8699_01,True,0.62,0.38
8702_01,True,0.58,0.42
8705_01,True,0.65,0.35
8706_01,False,0.19,0.81
8707_01,False,0.06,0.94
8711_01,False,0.4,0.6
8713_01,False,0.16,0.84
8713_02,True,1.0,0.0
8715_01,True,0.92,0.08
8718_01,False,0.18,0.82
8724_01,False,0.1,0.9
8725_01,True,0.9,0.1
8726_01,False,0.3,0.7
8730_01,False,0.1,0.9
8731_01,False,0.23,0.77
8737_01,True,0.6,0.4
8738_01,True,0.8,0.2
8739_01,False,0.03,0.97
8740_01,False,0.31,0.69
8742_01,False,0.27,0.73
8745_01,False,0.12,0.88
8746_01,True,0.97,0.03
8747_01,True,0.61,0.39
8747_02,False,0.43,0.57
8748_01,False,0.35,0.65
8748_02,False,0.17,0.83
8756_01,False,0.11,0.89
8758_01,False,0.19,0.81
8758_02,True,0.7,0.3
8761_01,False,0.46,0.54
8763_01,False,0.17,0.83
8763_02,False,0.14,0.86
8763_03,True,0.78,0.22
8765_01,False,0.49,0.51
8767_01,False,0.03,0.97
8767_02,False,0.04,0.96
8768_01,True,0.62,0.38
8768_02,True,0.74,0.26
8768_03,False,0.17,0.83
8775_01,True,0.96,0.04
8777_01,False,0.22,0.78
8778_01,True,0.56,0.44
8778_02,True,0.84,0.16
8784_01,False,0.15,0.85
8788_01,False,0.17,0.83
8792_01,False,0.22,0.78
8793_01,False,0.09,0.91
8793_02,True,0.95,0.05
8793_03,True,1.0,0.0
8793_04,False,0.02,0.98
8793_05,True,0.98,0.02
8795_01,True,0.55,0.45
8800_01,True,0.8325,0.1675
8800_02,False,0.46,0.54
8800_03,True,0.63,0.37
8800_04,True,0.63,0.37
8800_05,True,0.66,0.34
8803_01,True,0.94,0.06
8804_01,False,0.39,0.61
8804_02,True,0.79,0.21
8804_03,True,0.77,0.23
8804_04,False,0.15,0.85
8804_05,False,0.02,0.98
8810_01,False,0.12,0.88
8814_01,True,0.88,0.12
8829_01,True,0.61,0.39
8832_01,False,0.23,0.77
8837_01,False,0.23,0.77
8839_01,True,0.68,0.32
8839_02,False,0.37,0.63
8846_01,False,0.16,0.84
8846_02,False,0.21,0.79
8847_01,True,0.9,0.1
8851_01,True,0.92,0.08
8855_01,False,0.37,0.63
8857_01,True,0.88,0.12
8859_01,False,0.27,0.73
8866_01,True,0.55,0.45
8870_01,True,0.93,0.07
8870_02,False,0.12,0.88
8873_01,False,0.28,0.72
8873_02,False,0.23,0.77
8873_03,True,1.0,0.0
8875_01,True,0.99,0.01
8875_02,False,0.07,0.93
8875_03,True,0.78,0.22
8877_01,True,0.98,0.02
8877_02,True,1.0,0.0
8879_01,True,0.9,0.1
8882_01,False,0.22,0.78
8887_01,True,0.85,0.15
8888_01,False,0.11,0.89
8893_01,True,1.0,0.0
8893_02,True,1.0,0.0
8895_01,True,1.0,0.0
8895_02,False,0.08,0.92
8898_01,False,0.37,0.63
8908_01,True,0.97,0.03
8909_01,False,0.5,0.5
8911_01,True,0.6,0.4
8912_01,True,0.86,0.14
8913_01,True,0.74,0.26
8913_02,True,0.71,0.29
8913_03,True,0.82,0.18
8914_01,False,0.25,0.75
8915_01,False,0.02,0.98
8916_01,True,0.74,0.26
8917_01,True,0.56,0.44
8921_01,True,1.0,0.0
8924_01,True,1.0,0.0
8925_01,True,0.52,0.48
8925_02,True,0.98,0.02
8925_03,True,1.0,0.0
8925_04,True,0.95,0.05
8925_05,True,0.99,0.01
8925_06,False,0.09,0.91
8927_01,True,0.77,0.23
8929_01,False,0.26,0.74
8931_01,False,0.14,0.86
8933_01,True,0.59,0.41
8934_01,False,0.0,1.0
8935_01,True,0.61,0.39
8936_01,False,0.31,0.69
8943_01,False,0.13,0.87
8946_01,True,0.96,0.04
8949_01,False,0.37,0.63
8950_01,False,0.14,0.86
8951_01,False,0.04,0.96
8952_01,False,0.18,0.82
8953_01,False,0.44,0.56
8957_01,False,0.08,0.92
8958_01,True,0.87,0.13
8960_01,False,0.24,0.76
8960_02,False,0.05,0.95
8960_03,True,0.84,0.16
8962_01,False,0.23,0.77
8963_01,True,0.99,0.01
8965_01,False,0.17,0.83
8971_01,True,0.55,0.45
8974_01,True,0.99,0.01
8979_01,False,0.33,0.67
8980_01,False,0.2,0.8
8980_02,False,0.21,0.79
8980_03,True,0.96,0.04
8980_04,False,0.14,0.86
8980_05,False,0.25,0.75
8980_06,True,0.95,0.05
8980_07,True,0.96,0.04
8984_01,False,0.13,0.87
8990_01,True,0.85,0.15
8991_01,True,0.55,0.45
8994_01,False,0.08,0.92
8994_02,True,0.86,0.14
8995_01,False,0.18,0.82
9000_01,False,0.13,0.87
9002_01,False,0.13,0.87
9005_01,True,0.65,0.35
9016_01,False,0.07,0.93
9016_02,False,0.11,0.89
9016_03,False,0.01,0.99
9016_04,True,1.0,0.0
9016_05,False,0.06,0.94
9017_01,True,0.74,0.26
9022_01,False,0.07,0.93
9022_02,True,0.95,0.05
9022_03,False,0.5,0.5
9025_01,False,0.11,0.89
9025_02,True,0.88,0.12
9027_01,False,0.13,0.87
9033_01,True,0.85,0.15
9039_01,True,0.87,0.13
9040_01,False,0.08,0.92
9044_01,False,0.21,0.79
9045_01,False,0.08,0.92
9045_02,False,0.48,0.52
9047_01,True,0.72,0.28
9050_01,True,0.91,0.09
9051_01,False,0.21,0.79
9053_01,True,1.0,0.0
9053_02,True,0.91,0.09
9054_01,True,0.74,0.26
9055_01,False,0.36,0.64
9056_01,False,0.21,0.79
9058_01,False,0.03,0.97
9062_01,False,0.16,0.84
9062_02,True,0.84,0.16
9063_01,True,1.0,0.0
9065_01,False,0.08,0.92
9067_01,False,0.26,0.74
9067_02,True,0.89,0.11
9070_01,False,0.05,0.95
9070_02,True,0.66,0.34
9082_01,False,0.16,0.84
9083_01,True,0.61,0.39
9083_02,True,0.98,0.02
9086_01,True,0.88,0.12
9086_02,False,0.35,0.65
9087_01,False,0.05,0.95
9088_01,True,0.87,0.13
9090_01,False,0.19,0.81
9091_01,True,0.67,0.33
9092_01,False,0.3,0.7
9093_01,False,0.11,0.89
9095_01,False,0.21,0.79
9096_01,False,0.48,0.52
9096_02,True,0.84,0.16
9100_01,False,0.08,0.92
9102_01,False,0.18,0.82
9105_01,False,0.48,0.52
9109_01,True,0.72,0.28
9113_01,True,0.53,0.47
9117_01,False,0.33,0.67
9121_01,False,0.45,0.55
9123_01,False,0.4,0.6
9133_01,True,0.59,0.41
9135_01,False,0.18,0.82
9138_01,False,0.22,0.78
9143_01,False,0.04,0.96
9143_02,False,0.17,0.83
9143_03,False,0.12,0.88
9146_01,False,0.18,0.82
9146_02,False,0.16,0.84
9146_03,True,0.78,0.22
9147_01,True,0.64,0.36
9153_01,True,0.62,0.38
9154_01,True,0.85,0.15
9155_01,False,0.28,0.72
9155_02,False,0.11,0.89
9155_03,True,0.82,0.18
9155_04,True,0.81,0.19
9162_01,True,1.0,0.0
9162_02,False,0.05,0.95
9162_03,False,0.18,0.82
9166_01,True,0.99,0.01
9171_01,False,0.47,0.53
9177_01,True,1.0,0.0
9177_02,True,0.99,0.01
9182_01,False,0.14,0.86
9187_01,True,0.73,0.27
9187_02,False,0.03,0.97
9191_01,True,0.88,0.12
9198_01,False,0.12,0.88
9200_01,False,0.23,0.77
9204_01,False,0.17,0.83
9206_01,True,0.93,0.07
9206_02,False,0.08,0.92
9206_03,True,0.81,0.19
9207_01,True,0.73,0.27
9209_01,True,0.6,0.4
9210_01,False,0.14,0.86
9212_01,False,0.18,0.82
9212_02,True,0.85,0.15
9214_01,False,0.06,0.94
9215_01,True,0.99,0.01
9216_01,False,0.27,0.73
9223_01,True,0.99,0.01
9223_02,True,0.99,0.01
9228_01,False,0.21,0.79
9229_01,False,0.42,0.58
9232_01,False,0.17,0.83
9236_01,True,0.72,0.28
9238_01,True,0.57,0.43
9238_02,False,0.45,0.55
9238_03,True,0.84,0.16
9238_04,False,0.17,0.83
9238_05,True,0.89,0.11
9238_06,True,0.82,0.18
9238_07,False,0.37,0.63
9240_01,False,0.49,0.51
9243_01,True,0.86,0.14
9245_01,False,0.21,0.79
9249_01,False,0.37,0.63
9255_01,True,0.79,0.21
9258_01,True,1.0,0.0
9260_01,True,0.57,0.43
9262_01,True,0.67,0.33
9263_01,True,0.84,0.16
9265_01,True,0.87,0.13
9266_01,True,0.84,0.16
9266_02,True,0.8,0.2
9269_01,False,0.3,0.7
9271_01,True,1.0,0.0
9273_01,True,0.96,0.04
9277_01,True,0.75,0.25
